Country Name,Country ISO3,Year,Indicator Name,Indicator Code,Value
#country+name,#country+code,#date+year,#indicator+name,#indicator+code,#indicator+value+num
Malawi,MWI,2015,"Literacy rate, youth (ages 15-24), gender parity index (GPI)",SE.ADT.1524.LT.FM.ZS,1.01233
Malawi,MWI,2014,"Literacy rate, youth (ages 15-24), gender parity index (GPI)",SE.ADT.1524.LT.FM.ZS,0.9308
Malawi,MWI,2010,"Literacy rate, youth (ages 15-24), gender parity index (GPI)",SE.ADT.1524.LT.FM.ZS,0.94227
Malawi,MWI,1998,"Literacy rate, youth (ages 15-24), gender parity index (GPI)",SE.ADT.1524.LT.FM.ZS,0.86125
Malawi,MWI,1987,"Literacy rate, youth (ages 15-24), gender parity index (GPI)",SE.ADT.1524.LT.FM.ZS,0.69744
Malawi,MWI,2018,"School enrollment, primary (gross), gender parity index (GPI)",SE.ENR.PRIM.FM.ZS,1.00899
Malawi,MWI,2017,"School enrollment, primary (gross), gender parity index (GPI)",SE.ENR.PRIM.FM.ZS,1.03159
Malawi,MWI,2016,"School enrollment, primary (gross), gender parity index (GPI)",SE.ENR.PRIM.FM.ZS,1.02666
Malawi,MWI,2015,"School enrollment, primary (gross), gender parity index (GPI)",SE.ENR.PRIM.FM.ZS,1.02041
Malawi,MWI,2014,"School enrollment, primary (gross), gender parity index (GPI)",SE.ENR.PRIM.FM.ZS,1.01878
Malawi,MWI,2013,"School enrollment, primary (gross), gender parity index (GPI)",SE.ENR.PRIM.FM.ZS,1.01823
Malawi,MWI,2012,"School enrollment, primary (gross), gender parity index (GPI)",SE.ENR.PRIM.FM.ZS,1.02167
Malawi,MWI,2011,"School enrollment, primary (gross), gender parity index (GPI)",SE.ENR.PRIM.FM.ZS,1.0241
Malawi,MWI,2010,"School enrollment, primary (gross), gender parity index (GPI)",SE.ENR.PRIM.FM.ZS,1.02089
Malawi,MWI,2009,"School enrollment, primary (gross), gender parity index (GPI)",SE.ENR.PRIM.FM.ZS,1.01313
Malawi,MWI,2008,"School enrollment, primary (gross), gender parity index (GPI)",SE.ENR.PRIM.FM.ZS,1.0115
Malawi,MWI,2007,"School enrollment, primary (gross), gender parity index (GPI)",SE.ENR.PRIM.FM.ZS,1.01943
Malawi,MWI,2006,"School enrollment, primary (gross), gender parity index (GPI)",SE.ENR.PRIM.FM.ZS,1.01961
Malawi,MWI,2005,"School enrollment, primary (gross), gender parity index (GPI)",SE.ENR.PRIM.FM.ZS,1.00834
Malawi,MWI,2004,"School enrollment, primary (gross), gender parity index (GPI)",SE.ENR.PRIM.FM.ZS,1.00817
Malawi,MWI,2002,"School enrollment, primary (gross), gender parity index (GPI)",SE.ENR.PRIM.FM.ZS,0.95074
Malawi,MWI,2001,"School enrollment, primary (gross), gender parity index (GPI)",SE.ENR.PRIM.FM.ZS,0.94933
Malawi,MWI,2000,"School enrollment, primary (gross), gender parity index (GPI)",SE.ENR.PRIM.FM.ZS,0.94686
Malawi,MWI,1999,"School enrollment, primary (gross), gender parity index (GPI)",SE.ENR.PRIM.FM.ZS,0.94026
Malawi,MWI,1996,"School enrollment, primary (gross), gender parity index (GPI)",SE.ENR.PRIM.FM.ZS,0.90248
Malawi,MWI,1995,"School enrollment, primary (gross), gender parity index (GPI)",SE.ENR.PRIM.FM.ZS,0.90108
Malawi,MWI,1994,"School enrollment, primary (gross), gender parity index (GPI)",SE.ENR.PRIM.FM.ZS,0.95124
Malawi,MWI,1993,"School enrollment, primary (gross), gender parity index (GPI)",SE.ENR.PRIM.FM.ZS,0.9347
Malawi,MWI,1992,"School enrollment, primary (gross), gender parity index (GPI)",SE.ENR.PRIM.FM.ZS,0.86491
Malawi,MWI,1991,"School enrollment, primary (gross), gender parity index (GPI)",SE.ENR.PRIM.FM.ZS,0.86306
Malawi,MWI,1990,"School enrollment, primary (gross), gender parity index (GPI)",SE.ENR.PRIM.FM.ZS,0.85762
Malawi,MWI,1989,"School enrollment, primary (gross), gender parity index (GPI)",SE.ENR.PRIM.FM.ZS,0.85704
Malawi,MWI,1988,"School enrollment, primary (gross), gender parity index (GPI)",SE.ENR.PRIM.FM.ZS,0.85862
Malawi,MWI,1987,"School enrollment, primary (gross), gender parity index (GPI)",SE.ENR.PRIM.FM.ZS,0.84727
Malawi,MWI,1986,"School enrollment, primary (gross), gender parity index (GPI)",SE.ENR.PRIM.FM.ZS,0.83116
Malawi,MWI,1985,"School enrollment, primary (gross), gender parity index (GPI)",SE.ENR.PRIM.FM.ZS,0.80999
Malawi,MWI,1984,"School enrollment, primary (gross), gender parity index (GPI)",SE.ENR.PRIM.FM.ZS,0.81047
Malawi,MWI,1983,"School enrollment, primary (gross), gender parity index (GPI)",SE.ENR.PRIM.FM.ZS,0.80339
Malawi,MWI,1982,"School enrollment, primary (gross), gender parity index (GPI)",SE.ENR.PRIM.FM.ZS,0.78754
Malawi,MWI,1981,"School enrollment, primary (gross), gender parity index (GPI)",SE.ENR.PRIM.FM.ZS,0.77176
Malawi,MWI,1980,"School enrollment, primary (gross), gender parity index (GPI)",SE.ENR.PRIM.FM.ZS,0.75187
Malawi,MWI,1979,"School enrollment, primary (gross), gender parity index (GPI)",SE.ENR.PRIM.FM.ZS,0.74364
Malawi,MWI,1978,"School enrollment, primary (gross), gender parity index (GPI)",SE.ENR.PRIM.FM.ZS,0.73801
Malawi,MWI,1977,"School enrollment, primary (gross), gender parity index (GPI)",SE.ENR.PRIM.FM.ZS,0.7233
Malawi,MWI,1976,"School enrollment, primary (gross), gender parity index (GPI)",SE.ENR.PRIM.FM.ZS,0.7017
Malawi,MWI,1975,"School enrollment, primary (gross), gender parity index (GPI)",SE.ENR.PRIM.FM.ZS,0.68378
Malawi,MWI,1974,"School enrollment, primary (gross), gender parity index (GPI)",SE.ENR.PRIM.FM.ZS,0.67394
Malawi,MWI,1973,"School enrollment, primary (gross), gender parity index (GPI)",SE.ENR.PRIM.FM.ZS,0.64526
Malawi,MWI,1972,"School enrollment, primary (gross), gender parity index (GPI)",SE.ENR.PRIM.FM.ZS,0.63315
Malawi,MWI,2018,"School enrollment, primary and secondary (gross), gender parity index (GPI)",SE.ENR.PRSC.FM.ZS,1.00112
Malawi,MWI,2017,"School enrollment, primary and secondary (gross), gender parity index (GPI)",SE.ENR.PRSC.FM.ZS,1.01105
Malawi,MWI,2016,"School enrollment, primary and secondary (gross), gender parity index (GPI)",SE.ENR.PRSC.FM.ZS,0.99742
Malawi,MWI,2015,"School enrollment, primary and secondary (gross), gender parity index (GPI)",SE.ENR.PRSC.FM.ZS,0.99672
Malawi,MWI,2014,"School enrollment, primary and secondary (gross), gender parity index (GPI)",SE.ENR.PRSC.FM.ZS,0.99294
Malawi,MWI,2013,"School enrollment, primary and secondary (gross), gender parity index (GPI)",SE.ENR.PRSC.FM.ZS,0.99092
Malawi,MWI,2012,"School enrollment, primary and secondary (gross), gender parity index (GPI)",SE.ENR.PRSC.FM.ZS,0.9919
Malawi,MWI,2011,"School enrollment, primary and secondary (gross), gender parity index (GPI)",SE.ENR.PRSC.FM.ZS,0.996
Malawi,MWI,2010,"School enrollment, primary and secondary (gross), gender parity index (GPI)",SE.ENR.PRSC.FM.ZS,0.9917
Malawi,MWI,2009,"School enrollment, primary and secondary (gross), gender parity index (GPI)",SE.ENR.PRSC.FM.ZS,0.97913
Malawi,MWI,2008,"School enrollment, primary and secondary (gross), gender parity index (GPI)",SE.ENR.PRSC.FM.ZS,0.97248
Malawi,MWI,2007,"School enrollment, primary and secondary (gross), gender parity index (GPI)",SE.ENR.PRSC.FM.ZS,0.97618
Malawi,MWI,2006,"School enrollment, primary and secondary (gross), gender parity index (GPI)",SE.ENR.PRSC.FM.ZS,0.97779
Malawi,MWI,2005,"School enrollment, primary and secondary (gross), gender parity index (GPI)",SE.ENR.PRSC.FM.ZS,0.96577
Malawi,MWI,2004,"School enrollment, primary and secondary (gross), gender parity index (GPI)",SE.ENR.PRSC.FM.ZS,0.96536
Malawi,MWI,2002,"School enrollment, primary and secondary (gross), gender parity index (GPI)",SE.ENR.PRSC.FM.ZS,0.91362
Malawi,MWI,2001,"School enrollment, primary and secondary (gross), gender parity index (GPI)",SE.ENR.PRSC.FM.ZS,0.91339
Malawi,MWI,2000,"School enrollment, primary and secondary (gross), gender parity index (GPI)",SE.ENR.PRSC.FM.ZS,0.90854
Malawi,MWI,1999,"School enrollment, primary and secondary (gross), gender parity index (GPI)",SE.ENR.PRSC.FM.ZS,0.88936
Malawi,MWI,1996,"School enrollment, primary and secondary (gross), gender parity index (GPI)",SE.ENR.PRSC.FM.ZS,0.87281
Malawi,MWI,1995,"School enrollment, primary and secondary (gross), gender parity index (GPI)",SE.ENR.PRSC.FM.ZS,0.87365
Malawi,MWI,1994,"School enrollment, primary and secondary (gross), gender parity index (GPI)",SE.ENR.PRSC.FM.ZS,0.91342
Malawi,MWI,1993,"School enrollment, primary and secondary (gross), gender parity index (GPI)",SE.ENR.PRSC.FM.ZS,0.88332
Malawi,MWI,1991,"School enrollment, primary and secondary (gross), gender parity index (GPI)",SE.ENR.PRSC.FM.ZS,0.81957
Malawi,MWI,1990,"School enrollment, primary and secondary (gross), gender parity index (GPI)",SE.ENR.PRSC.FM.ZS,0.80938
Malawi,MWI,1989,"School enrollment, primary and secondary (gross), gender parity index (GPI)",SE.ENR.PRSC.FM.ZS,0.80348
Malawi,MWI,1988,"School enrollment, primary and secondary (gross), gender parity index (GPI)",SE.ENR.PRSC.FM.ZS,0.79816
Malawi,MWI,1987,"School enrollment, primary and secondary (gross), gender parity index (GPI)",SE.ENR.PRSC.FM.ZS,0.7823
Malawi,MWI,1986,"School enrollment, primary and secondary (gross), gender parity index (GPI)",SE.ENR.PRSC.FM.ZS,0.76601
Malawi,MWI,1985,"School enrollment, primary and secondary (gross), gender parity index (GPI)",SE.ENR.PRSC.FM.ZS,0.74576
Malawi,MWI,1984,"School enrollment, primary and secondary (gross), gender parity index (GPI)",SE.ENR.PRSC.FM.ZS,0.73791
Malawi,MWI,1983,"School enrollment, primary and secondary (gross), gender parity index (GPI)",SE.ENR.PRSC.FM.ZS,0.73619
Malawi,MWI,1982,"School enrollment, primary and secondary (gross), gender parity index (GPI)",SE.ENR.PRSC.FM.ZS,0.72247
Malawi,MWI,1981,"School enrollment, primary and secondary (gross), gender parity index (GPI)",SE.ENR.PRSC.FM.ZS,0.70555
Malawi,MWI,1980,"School enrollment, primary and secondary (gross), gender parity index (GPI)",SE.ENR.PRSC.FM.ZS,0.69733
Malawi,MWI,1979,"School enrollment, primary and secondary (gross), gender parity index (GPI)",SE.ENR.PRSC.FM.ZS,0.68866
Malawi,MWI,1978,"School enrollment, primary and secondary (gross), gender parity index (GPI)",SE.ENR.PRSC.FM.ZS,0.68007
Malawi,MWI,1977,"School enrollment, primary and secondary (gross), gender parity index (GPI)",SE.ENR.PRSC.FM.ZS,0.67377
Malawi,MWI,1976,"School enrollment, primary and secondary (gross), gender parity index (GPI)",SE.ENR.PRSC.FM.ZS,0.66033
Malawi,MWI,1975,"School enrollment, primary and secondary (gross), gender parity index (GPI)",SE.ENR.PRSC.FM.ZS,0.64664
Malawi,MWI,1973,"School enrollment, primary and secondary (gross), gender parity index (GPI)",SE.ENR.PRSC.FM.ZS,0.61209
Malawi,MWI,1972,"School enrollment, primary and secondary (gross), gender parity index (GPI)",SE.ENR.PRSC.FM.ZS,0.61913
Malawi,MWI,2018,"School enrollment, secondary (gross), gender parity index (GPI)",SE.ENR.SECO.FM.ZS,0.98213
Malawi,MWI,2017,"School enrollment, secondary (gross), gender parity index (GPI)",SE.ENR.SECO.FM.ZS,0.93822
Malawi,MWI,2016,"School enrollment, secondary (gross), gender parity index (GPI)",SE.ENR.SECO.FM.ZS,0.88841
Malawi,MWI,2015,"School enrollment, secondary (gross), gender parity index (GPI)",SE.ENR.SECO.FM.ZS,0.91219
Malawi,MWI,2014,"School enrollment, secondary (gross), gender parity index (GPI)",SE.ENR.SECO.FM.ZS,0.8993
Malawi,MWI,2013,"School enrollment, secondary (gross), gender parity index (GPI)",SE.ENR.SECO.FM.ZS,0.88929
Malawi,MWI,2012,"School enrollment, secondary (gross), gender parity index (GPI)",SE.ENR.SECO.FM.ZS,0.87776
Malawi,MWI,2011,"School enrollment, secondary (gross), gender parity index (GPI)",SE.ENR.SECO.FM.ZS,0.89142
Malawi,MWI,2010,"School enrollment, secondary (gross), gender parity index (GPI)",SE.ENR.SECO.FM.ZS,0.88435
Malawi,MWI,2009,"School enrollment, secondary (gross), gender parity index (GPI)",SE.ENR.SECO.FM.ZS,0.85262
Malawi,MWI,2008,"School enrollment, secondary (gross), gender parity index (GPI)",SE.ENR.SECO.FM.ZS,0.82462
Malawi,MWI,2007,"School enrollment, secondary (gross), gender parity index (GPI)",SE.ENR.SECO.FM.ZS,0.81032
Malawi,MWI,2006,"School enrollment, secondary (gross), gender parity index (GPI)",SE.ENR.SECO.FM.ZS,0.81724
Malawi,MWI,2005,"School enrollment, secondary (gross), gender parity index (GPI)",SE.ENR.SECO.FM.ZS,0.79128
Malawi,MWI,2004,"School enrollment, secondary (gross), gender parity index (GPI)",SE.ENR.SECO.FM.ZS,0.78613
Malawi,MWI,2002,"School enrollment, secondary (gross), gender parity index (GPI)",SE.ENR.SECO.FM.ZS,0.75595
Malawi,MWI,2001,"School enrollment, secondary (gross), gender parity index (GPI)",SE.ENR.SECO.FM.ZS,0.75682
Malawi,MWI,2000,"School enrollment, secondary (gross), gender parity index (GPI)",SE.ENR.SECO.FM.ZS,0.73486
Malawi,MWI,1999,"School enrollment, secondary (gross), gender parity index (GPI)",SE.ENR.SECO.FM.ZS,0.69019
Malawi,MWI,1996,"School enrollment, secondary (gross), gender parity index (GPI)",SE.ENR.SECO.FM.ZS,0.66982
Malawi,MWI,1995,"School enrollment, secondary (gross), gender parity index (GPI)",SE.ENR.SECO.FM.ZS,0.67201
Malawi,MWI,1994,"School enrollment, secondary (gross), gender parity index (GPI)",SE.ENR.SECO.FM.ZS,0.65102
Malawi,MWI,1993,"School enrollment, secondary (gross), gender parity index (GPI)",SE.ENR.SECO.FM.ZS,0.59961
Malawi,MWI,1991,"School enrollment, secondary (gross), gender parity index (GPI)",SE.ENR.SECO.FM.ZS,0.60804
Malawi,MWI,1990,"School enrollment, secondary (gross), gender parity index (GPI)",SE.ENR.SECO.FM.ZS,0.58181
Malawi,MWI,1989,"School enrollment, secondary (gross), gender parity index (GPI)",SE.ENR.SECO.FM.ZS,0.56448
Malawi,MWI,1988,"School enrollment, secondary (gross), gender parity index (GPI)",SE.ENR.SECO.FM.ZS,0.55927
Malawi,MWI,1987,"School enrollment, secondary (gross), gender parity index (GPI)",SE.ENR.SECO.FM.ZS,0.53035
Malawi,MWI,1986,"School enrollment, secondary (gross), gender parity index (GPI)",SE.ENR.SECO.FM.ZS,0.51412
Malawi,MWI,1985,"School enrollment, secondary (gross), gender parity index (GPI)",SE.ENR.SECO.FM.ZS,0.49579
Malawi,MWI,1984,"School enrollment, secondary (gross), gender parity index (GPI)",SE.ENR.SECO.FM.ZS,0.47196
Malawi,MWI,1983,"School enrollment, secondary (gross), gender parity index (GPI)",SE.ENR.SECO.FM.ZS,0.46274
Malawi,MWI,1982,"School enrollment, secondary (gross), gender parity index (GPI)",SE.ENR.SECO.FM.ZS,0.44393
Malawi,MWI,1981,"School enrollment, secondary (gross), gender parity index (GPI)",SE.ENR.SECO.FM.ZS,0.42578
Malawi,MWI,1980,"School enrollment, secondary (gross), gender parity index (GPI)",SE.ENR.SECO.FM.ZS,0.4516
Malawi,MWI,1979,"School enrollment, secondary (gross), gender parity index (GPI)",SE.ENR.SECO.FM.ZS,0.42428
Malawi,MWI,1978,"School enrollment, secondary (gross), gender parity index (GPI)",SE.ENR.SECO.FM.ZS,0.40247
Malawi,MWI,1977,"School enrollment, secondary (gross), gender parity index (GPI)",SE.ENR.SECO.FM.ZS,0.40904
Malawi,MWI,1976,"School enrollment, secondary (gross), gender parity index (GPI)",SE.ENR.SECO.FM.ZS,0.40784
Malawi,MWI,1975,"School enrollment, secondary (gross), gender parity index (GPI)",SE.ENR.SECO.FM.ZS,0.41014
Malawi,MWI,1973,"School enrollment, secondary (gross), gender parity index (GPI)",SE.ENR.SECO.FM.ZS,0.41799
Malawi,MWI,1972,"School enrollment, secondary (gross), gender parity index (GPI)",SE.ENR.SECO.FM.ZS,0.51905
Malawi,MWI,2011,"School enrollment, tertiary (gross), gender parity index (GPI)",SE.ENR.TERT.FM.ZS,0.62394
Malawi,MWI,2010,"School enrollment, tertiary (gross), gender parity index (GPI)",SE.ENR.TERT.FM.ZS,0.59298
Malawi,MWI,2007,"School enrollment, tertiary (gross), gender parity index (GPI)",SE.ENR.TERT.FM.ZS,0.49156
Malawi,MWI,2006,"School enrollment, tertiary (gross), gender parity index (GPI)",SE.ENR.TERT.FM.ZS,0.49275
Malawi,MWI,2005,"School enrollment, tertiary (gross), gender parity index (GPI)",SE.ENR.TERT.FM.ZS,0.53311
Malawi,MWI,2004,"School enrollment, tertiary (gross), gender parity index (GPI)",SE.ENR.TERT.FM.ZS,0.5345
Malawi,MWI,2002,"School enrollment, tertiary (gross), gender parity index (GPI)",SE.ENR.TERT.FM.ZS,0.40512
Malawi,MWI,2000,"School enrollment, tertiary (gross), gender parity index (GPI)",SE.ENR.TERT.FM.ZS,0.37578
Malawi,MWI,1999,"School enrollment, tertiary (gross), gender parity index (GPI)",SE.ENR.TERT.FM.ZS,0.37628
Malawi,MWI,1996,"School enrollment, tertiary (gross), gender parity index (GPI)",SE.ENR.TERT.FM.ZS,0.43074
Malawi,MWI,1995,"School enrollment, tertiary (gross), gender parity index (GPI)",SE.ENR.TERT.FM.ZS,0.41858
Malawi,MWI,1994,"School enrollment, tertiary (gross), gender parity index (GPI)",SE.ENR.TERT.FM.ZS,0.37035
Malawi,MWI,1993,"School enrollment, tertiary (gross), gender parity index (GPI)",SE.ENR.TERT.FM.ZS,0.31858
Malawi,MWI,1992,"School enrollment, tertiary (gross), gender parity index (GPI)",SE.ENR.TERT.FM.ZS,0.36418
Malawi,MWI,1991,"School enrollment, tertiary (gross), gender parity index (GPI)",SE.ENR.TERT.FM.ZS,0.35638
Malawi,MWI,1990,"School enrollment, tertiary (gross), gender parity index (GPI)",SE.ENR.TERT.FM.ZS,0.35902
Malawi,MWI,1989,"School enrollment, tertiary (gross), gender parity index (GPI)",SE.ENR.TERT.FM.ZS,0.25037
Malawi,MWI,1988,"School enrollment, tertiary (gross), gender parity index (GPI)",SE.ENR.TERT.FM.ZS,0.32702
Malawi,MWI,1987,"School enrollment, tertiary (gross), gender parity index (GPI)",SE.ENR.TERT.FM.ZS,0.34097
Malawi,MWI,1986,"School enrollment, tertiary (gross), gender parity index (GPI)",SE.ENR.TERT.FM.ZS,0.30544
Malawi,MWI,1985,"School enrollment, tertiary (gross), gender parity index (GPI)",SE.ENR.TERT.FM.ZS,0.29545
Malawi,MWI,1984,"School enrollment, tertiary (gross), gender parity index (GPI)",SE.ENR.TERT.FM.ZS,0.29153
Malawi,MWI,1983,"School enrollment, tertiary (gross), gender parity index (GPI)",SE.ENR.TERT.FM.ZS,0.3201
Malawi,MWI,1982,"School enrollment, tertiary (gross), gender parity index (GPI)",SE.ENR.TERT.FM.ZS,0.32248
Malawi,MWI,1981,"School enrollment, tertiary (gross), gender parity index (GPI)",SE.ENR.TERT.FM.ZS,0.38282
Malawi,MWI,1980,"School enrollment, tertiary (gross), gender parity index (GPI)",SE.ENR.TERT.FM.ZS,0.35818
Malawi,MWI,2019,Proportion of seats held by women in national parliaments (%),SG.GEN.PARL.ZS,22.92
Malawi,MWI,2018,Proportion of seats held by women in national parliaments (%),SG.GEN.PARL.ZS,16.7
Malawi,MWI,2017,Proportion of seats held by women in national parliaments (%),SG.GEN.PARL.ZS,16.7
Malawi,MWI,2016,Proportion of seats held by women in national parliaments (%),SG.GEN.PARL.ZS,16.7
Malawi,MWI,2015,Proportion of seats held by women in national parliaments (%),SG.GEN.PARL.ZS,16.7
Malawi,MWI,2014,Proportion of seats held by women in national parliaments (%),SG.GEN.PARL.ZS,16.7
Malawi,MWI,2013,Proportion of seats held by women in national parliaments (%),SG.GEN.PARL.ZS,22.3
Malawi,MWI,2012,Proportion of seats held by women in national parliaments (%),SG.GEN.PARL.ZS,22.3
Malawi,MWI,2011,Proportion of seats held by women in national parliaments (%),SG.GEN.PARL.ZS,22.3
Malawi,MWI,2010,Proportion of seats held by women in national parliaments (%),SG.GEN.PARL.ZS,20.8
Malawi,MWI,2009,Proportion of seats held by women in national parliaments (%),SG.GEN.PARL.ZS,20.8
Malawi,MWI,2008,Proportion of seats held by women in national parliaments (%),SG.GEN.PARL.ZS,13
Malawi,MWI,2007,Proportion of seats held by women in national parliaments (%),SG.GEN.PARL.ZS,13
Malawi,MWI,2006,Proportion of seats held by women in national parliaments (%),SG.GEN.PARL.ZS,13.6
Malawi,MWI,2005,Proportion of seats held by women in national parliaments (%),SG.GEN.PARL.ZS,13.6
Malawi,MWI,2004,Proportion of seats held by women in national parliaments (%),SG.GEN.PARL.ZS,14
Malawi,MWI,2003,Proportion of seats held by women in national parliaments (%),SG.GEN.PARL.ZS,9.3
Malawi,MWI,2002,Proportion of seats held by women in national parliaments (%),SG.GEN.PARL.ZS,9.3
Malawi,MWI,2001,Proportion of seats held by women in national parliaments (%),SG.GEN.PARL.ZS,9.3
Malawi,MWI,2000,Proportion of seats held by women in national parliaments (%),SG.GEN.PARL.ZS,9.3
Malawi,MWI,1999,Proportion of seats held by women in national parliaments (%),SG.GEN.PARL.ZS,8.3
Malawi,MWI,1998,Proportion of seats held by women in national parliaments (%),SG.GEN.PARL.ZS,5.6
Malawi,MWI,1997,Proportion of seats held by women in national parliaments (%),SG.GEN.PARL.ZS,5.6
Malawi,MWI,1990,Proportion of seats held by women in national parliaments (%),SG.GEN.PARL.ZS,9.8
Malawi,MWI,2018,"Prevalence of HIV, female (% ages 15-24)",SH.HIV.1524.FE.ZS,4.3
Malawi,MWI,2017,"Prevalence of HIV, female (% ages 15-24)",SH.HIV.1524.FE.ZS,4.5
Malawi,MWI,2016,"Prevalence of HIV, female (% ages 15-24)",SH.HIV.1524.FE.ZS,4.6
Malawi,MWI,2015,"Prevalence of HIV, female (% ages 15-24)",SH.HIV.1524.FE.ZS,4.8
Malawi,MWI,2014,"Prevalence of HIV, female (% ages 15-24)",SH.HIV.1524.FE.ZS,4.9
Malawi,MWI,2013,"Prevalence of HIV, female (% ages 15-24)",SH.HIV.1524.FE.ZS,5
Malawi,MWI,2012,"Prevalence of HIV, female (% ages 15-24)",SH.HIV.1524.FE.ZS,5.2
Malawi,MWI,2011,"Prevalence of HIV, female (% ages 15-24)",SH.HIV.1524.FE.ZS,5.3
Malawi,MWI,2010,"Prevalence of HIV, female (% ages 15-24)",SH.HIV.1524.FE.ZS,5.4
Malawi,MWI,2009,"Prevalence of HIV, female (% ages 15-24)",SH.HIV.1524.FE.ZS,5.5
Malawi,MWI,2008,"Prevalence of HIV, female (% ages 15-24)",SH.HIV.1524.FE.ZS,5.7
Malawi,MWI,2007,"Prevalence of HIV, female (% ages 15-24)",SH.HIV.1524.FE.ZS,6
Malawi,MWI,2006,"Prevalence of HIV, female (% ages 15-24)",SH.HIV.1524.FE.ZS,6.4
Malawi,MWI,2005,"Prevalence of HIV, female (% ages 15-24)",SH.HIV.1524.FE.ZS,6.8
Malawi,MWI,2004,"Prevalence of HIV, female (% ages 15-24)",SH.HIV.1524.FE.ZS,7.3
Malawi,MWI,2003,"Prevalence of HIV, female (% ages 15-24)",SH.HIV.1524.FE.ZS,7.9
Malawi,MWI,2002,"Prevalence of HIV, female (% ages 15-24)",SH.HIV.1524.FE.ZS,8.5
Malawi,MWI,2001,"Prevalence of HIV, female (% ages 15-24)",SH.HIV.1524.FE.ZS,9.1
Malawi,MWI,2000,"Prevalence of HIV, female (% ages 15-24)",SH.HIV.1524.FE.ZS,9.8
Malawi,MWI,1999,"Prevalence of HIV, female (% ages 15-24)",SH.HIV.1524.FE.ZS,10.4
Malawi,MWI,1998,"Prevalence of HIV, female (% ages 15-24)",SH.HIV.1524.FE.ZS,10.9
Malawi,MWI,1997,"Prevalence of HIV, female (% ages 15-24)",SH.HIV.1524.FE.ZS,11.3
Malawi,MWI,1996,"Prevalence of HIV, female (% ages 15-24)",SH.HIV.1524.FE.ZS,11.6
Malawi,MWI,1995,"Prevalence of HIV, female (% ages 15-24)",SH.HIV.1524.FE.ZS,11.7
Malawi,MWI,1994,"Prevalence of HIV, female (% ages 15-24)",SH.HIV.1524.FE.ZS,11.4
Malawi,MWI,1993,"Prevalence of HIV, female (% ages 15-24)",SH.HIV.1524.FE.ZS,10.9
Malawi,MWI,1992,"Prevalence of HIV, female (% ages 15-24)",SH.HIV.1524.FE.ZS,10.1
Malawi,MWI,1991,"Prevalence of HIV, female (% ages 15-24)",SH.HIV.1524.FE.ZS,9.1
Malawi,MWI,1990,"Prevalence of HIV, female (% ages 15-24)",SH.HIV.1524.FE.ZS,7.9
Malawi,MWI,2018,"Prevalence of HIV, male (% ages 15-24)",SH.HIV.1524.MA.ZS,2
Malawi,MWI,2017,"Prevalence of HIV, male (% ages 15-24)",SH.HIV.1524.MA.ZS,2.1
Malawi,MWI,2016,"Prevalence of HIV, male (% ages 15-24)",SH.HIV.1524.MA.ZS,2.1
Malawi,MWI,2015,"Prevalence of HIV, male (% ages 15-24)",SH.HIV.1524.MA.ZS,2.1
Malawi,MWI,2014,"Prevalence of HIV, male (% ages 15-24)",SH.HIV.1524.MA.ZS,2.1
Malawi,MWI,2013,"Prevalence of HIV, male (% ages 15-24)",SH.HIV.1524.MA.ZS,2.1
Malawi,MWI,2012,"Prevalence of HIV, male (% ages 15-24)",SH.HIV.1524.MA.ZS,2.1
Malawi,MWI,2011,"Prevalence of HIV, male (% ages 15-24)",SH.HIV.1524.MA.ZS,2
Malawi,MWI,2010,"Prevalence of HIV, male (% ages 15-24)",SH.HIV.1524.MA.ZS,1.9
Malawi,MWI,2009,"Prevalence of HIV, male (% ages 15-24)",SH.HIV.1524.MA.ZS,1.9
Malawi,MWI,2008,"Prevalence of HIV, male (% ages 15-24)",SH.HIV.1524.MA.ZS,1.9
Malawi,MWI,2007,"Prevalence of HIV, male (% ages 15-24)",SH.HIV.1524.MA.ZS,1.9
Malawi,MWI,2006,"Prevalence of HIV, male (% ages 15-24)",SH.HIV.1524.MA.ZS,1.9
Malawi,MWI,2005,"Prevalence of HIV, male (% ages 15-24)",SH.HIV.1524.MA.ZS,2
Malawi,MWI,2004,"Prevalence of HIV, male (% ages 15-24)",SH.HIV.1524.MA.ZS,2.1
Malawi,MWI,2003,"Prevalence of HIV, male (% ages 15-24)",SH.HIV.1524.MA.ZS,2.2
Malawi,MWI,2002,"Prevalence of HIV, male (% ages 15-24)",SH.HIV.1524.MA.ZS,2.3
Malawi,MWI,2001,"Prevalence of HIV, male (% ages 15-24)",SH.HIV.1524.MA.ZS,2.4
Malawi,MWI,2000,"Prevalence of HIV, male (% ages 15-24)",SH.HIV.1524.MA.ZS,2.6
Malawi,MWI,1999,"Prevalence of HIV, male (% ages 15-24)",SH.HIV.1524.MA.ZS,2.8
Malawi,MWI,1998,"Prevalence of HIV, male (% ages 15-24)",SH.HIV.1524.MA.ZS,2.9
Malawi,MWI,1997,"Prevalence of HIV, male (% ages 15-24)",SH.HIV.1524.MA.ZS,3.1
Malawi,MWI,1996,"Prevalence of HIV, male (% ages 15-24)",SH.HIV.1524.MA.ZS,3.2
Malawi,MWI,1995,"Prevalence of HIV, male (% ages 15-24)",SH.HIV.1524.MA.ZS,3.3
Malawi,MWI,1994,"Prevalence of HIV, male (% ages 15-24)",SH.HIV.1524.MA.ZS,3.3
Malawi,MWI,1993,"Prevalence of HIV, male (% ages 15-24)",SH.HIV.1524.MA.ZS,3.2
Malawi,MWI,1992,"Prevalence of HIV, male (% ages 15-24)",SH.HIV.1524.MA.ZS,3
Malawi,MWI,1991,"Prevalence of HIV, male (% ages 15-24)",SH.HIV.1524.MA.ZS,2.8
Malawi,MWI,1990,"Prevalence of HIV, male (% ages 15-24)",SH.HIV.1524.MA.ZS,2.5
Malawi,MWI,2019,"Vulnerable employment, female (% of female employment) (modeled ILO estimate)",SL.EMP.VULN.FE.ZS,65.2659993171692
Malawi,MWI,2018,"Vulnerable employment, female (% of female employment) (modeled ILO estimate)",SL.EMP.VULN.FE.ZS,65.4240002632141
Malawi,MWI,2017,"Vulnerable employment, female (% of female employment) (modeled ILO estimate)",SL.EMP.VULN.FE.ZS,65.5960006713867
Malawi,MWI,2016,"Vulnerable employment, female (% of female employment) (modeled ILO estimate)",SL.EMP.VULN.FE.ZS,65.7759990692139
Malawi,MWI,2015,"Vulnerable employment, female (% of female employment) (modeled ILO estimate)",SL.EMP.VULN.FE.ZS,65.9169988632203
Malawi,MWI,2014,"Vulnerable employment, female (% of female employment) (modeled ILO estimate)",SL.EMP.VULN.FE.ZS,66.0620017051697
Malawi,MWI,2013,"Vulnerable employment, female (% of female employment) (modeled ILO estimate)",SL.EMP.VULN.FE.ZS,66.2730016708374
Malawi,MWI,2012,"Vulnerable employment, female (% of female employment) (modeled ILO estimate)",SL.EMP.VULN.FE.ZS,66.4389991760254
Malawi,MWI,2011,"Vulnerable employment, female (% of female employment) (modeled ILO estimate)",SL.EMP.VULN.FE.ZS,66.5260000228882
Malawi,MWI,2010,"Vulnerable employment, female (% of female employment) (modeled ILO estimate)",SL.EMP.VULN.FE.ZS,66.686001777649
Malawi,MWI,2009,"Vulnerable employment, female (% of female employment) (modeled ILO estimate)",SL.EMP.VULN.FE.ZS,66.8869991302491
Malawi,MWI,2008,"Vulnerable employment, female (% of female employment) (modeled ILO estimate)",SL.EMP.VULN.FE.ZS,67.1140003204345
Malawi,MWI,2007,"Vulnerable employment, female (% of female employment) (modeled ILO estimate)",SL.EMP.VULN.FE.ZS,67.3260011672974
Malawi,MWI,2006,"Vulnerable employment, female (% of female employment) (modeled ILO estimate)",SL.EMP.VULN.FE.ZS,67.5899991989136
Malawi,MWI,2005,"Vulnerable employment, female (% of female employment) (modeled ILO estimate)",SL.EMP.VULN.FE.ZS,67.7450017929077
Malawi,MWI,2004,"Vulnerable employment, female (% of female employment) (modeled ILO estimate)",SL.EMP.VULN.FE.ZS,67.8679990768432
Malawi,MWI,2003,"Vulnerable employment, female (% of female employment) (modeled ILO estimate)",SL.EMP.VULN.FE.ZS,68.0410013198853
Malawi,MWI,2002,"Vulnerable employment, female (% of female employment) (modeled ILO estimate)",SL.EMP.VULN.FE.ZS,68.2279987335205
Malawi,MWI,2001,"Vulnerable employment, female (% of female employment) (modeled ILO estimate)",SL.EMP.VULN.FE.ZS,68.3200016021729
Malawi,MWI,2000,"Vulnerable employment, female (% of female employment) (modeled ILO estimate)",SL.EMP.VULN.FE.ZS,68.2520017623902
Malawi,MWI,1999,"Vulnerable employment, female (% of female employment) (modeled ILO estimate)",SL.EMP.VULN.FE.ZS,68.3359985351563
Malawi,MWI,1998,"Vulnerable employment, female (% of female employment) (modeled ILO estimate)",SL.EMP.VULN.FE.ZS,68.4519987106324
Malawi,MWI,1997,"Vulnerable employment, female (% of female employment) (modeled ILO estimate)",SL.EMP.VULN.FE.ZS,68.609001159668
Malawi,MWI,1996,"Vulnerable employment, female (% of female employment) (modeled ILO estimate)",SL.EMP.VULN.FE.ZS,68.770998954773
Malawi,MWI,1995,"Vulnerable employment, female (% of female employment) (modeled ILO estimate)",SL.EMP.VULN.FE.ZS,69.032000541687
Malawi,MWI,1994,"Vulnerable employment, female (% of female employment) (modeled ILO estimate)",SL.EMP.VULN.FE.ZS,69.4830017089844
Malawi,MWI,1993,"Vulnerable employment, female (% of female employment) (modeled ILO estimate)",SL.EMP.VULN.FE.ZS,69.3539991378784
Malawi,MWI,1992,"Vulnerable employment, female (% of female employment) (modeled ILO estimate)",SL.EMP.VULN.FE.ZS,69.6689996719361
Malawi,MWI,1991,"Vulnerable employment, female (% of female employment) (modeled ILO estimate)",SL.EMP.VULN.FE.ZS,69.6040000915527
Malawi,MWI,2019,"Vulnerable employment, male (% of male employment) (modeled ILO estimate)",SL.EMP.VULN.MA.ZS,53.5249986648559
Malawi,MWI,2018,"Vulnerable employment, male (% of male employment) (modeled ILO estimate)",SL.EMP.VULN.MA.ZS,53.6840009689331
Malawi,MWI,2017,"Vulnerable employment, male (% of male employment) (modeled ILO estimate)",SL.EMP.VULN.MA.ZS,53.8619990348816
Malawi,MWI,2016,"Vulnerable employment, male (% of male employment) (modeled ILO estimate)",SL.EMP.VULN.MA.ZS,54.0440015792846
Malawi,MWI,2015,"Vulnerable employment, male (% of male employment) (modeled ILO estimate)",SL.EMP.VULN.MA.ZS,54.1950011253357
Malawi,MWI,2014,"Vulnerable employment, male (% of male employment) (modeled ILO estimate)",SL.EMP.VULN.MA.ZS,54.3459992408753
Malawi,MWI,2013,"Vulnerable employment, male (% of male employment) (modeled ILO estimate)",SL.EMP.VULN.MA.ZS,54.5550003051758
Malawi,MWI,2012,"Vulnerable employment, male (% of male employment) (modeled ILO estimate)",SL.EMP.VULN.MA.ZS,54.7180008888245
Malawi,MWI,2011,"Vulnerable employment, male (% of male employment) (modeled ILO estimate)",SL.EMP.VULN.MA.ZS,54.8130006790161
Malawi,MWI,2010,"Vulnerable employment, male (% of male employment) (modeled ILO estimate)",SL.EMP.VULN.MA.ZS,54.970000743866
Malawi,MWI,2009,"Vulnerable employment, male (% of male employment) (modeled ILO estimate)",SL.EMP.VULN.MA.ZS,55.1609997749328
Malawi,MWI,2008,"Vulnerable employment, male (% of male employment) (modeled ILO estimate)",SL.EMP.VULN.MA.ZS,55.3720011711121
Malawi,MWI,2007,"Vulnerable employment, male (% of male employment) (modeled ILO estimate)",SL.EMP.VULN.MA.ZS,55.5710005760193
Malawi,MWI,2006,"Vulnerable employment, male (% of male employment) (modeled ILO estimate)",SL.EMP.VULN.MA.ZS,55.818000793457
Malawi,MWI,2005,"Vulnerable employment, male (% of male employment) (modeled ILO estimate)",SL.EMP.VULN.MA.ZS,55.9720010757446
Malawi,MWI,2004,"Vulnerable employment, male (% of male employment) (modeled ILO estimate)",SL.EMP.VULN.MA.ZS,56.0969991683959
Malawi,MWI,2003,"Vulnerable employment, male (% of male employment) (modeled ILO estimate)",SL.EMP.VULN.MA.ZS,56.2630009651184
Malawi,MWI,2002,"Vulnerable employment, male (% of male employment) (modeled ILO estimate)",SL.EMP.VULN.MA.ZS,56.4450006484986
Malawi,MWI,2001,"Vulnerable employment, male (% of male employment) (modeled ILO estimate)",SL.EMP.VULN.MA.ZS,56.5429983139038
Malawi,MWI,2000,"Vulnerable employment, male (% of male employment) (modeled ILO estimate)",SL.EMP.VULN.MA.ZS,56.5029983520508
Malawi,MWI,1999,"Vulnerable employment, male (% of male employment) (modeled ILO estimate)",SL.EMP.VULN.MA.ZS,56.5939993858337
Malawi,MWI,1998,"Vulnerable employment, male (% of male employment) (modeled ILO estimate)",SL.EMP.VULN.MA.ZS,56.7130007743836
Malawi,MWI,1997,"Vulnerable employment, male (% of male employment) (modeled ILO estimate)",SL.EMP.VULN.MA.ZS,56.8700013160706
Malawi,MWI,1996,"Vulnerable employment, male (% of male employment) (modeled ILO estimate)",SL.EMP.VULN.MA.ZS,57.030999660492
Malawi,MWI,1995,"Vulnerable employment, male (% of male employment) (modeled ILO estimate)",SL.EMP.VULN.MA.ZS,57.282000541687
Malawi,MWI,1994,"Vulnerable employment, male (% of male employment) (modeled ILO estimate)",SL.EMP.VULN.MA.ZS,57.6909985542297
Malawi,MWI,1993,"Vulnerable employment, male (% of male employment) (modeled ILO estimate)",SL.EMP.VULN.MA.ZS,57.5980005264283
Malawi,MWI,1992,"Vulnerable employment, male (% of male employment) (modeled ILO estimate)",SL.EMP.VULN.MA.ZS,57.8820013999939
Malawi,MWI,1991,"Vulnerable employment, male (% of male employment) (modeled ILO estimate)",SL.EMP.VULN.MA.ZS,57.8490018844604
Malawi,MWI,2015,"Children in employment, female (% of female children ages 7-14)",SL.TLF.0714.FE.ZS,47
Malawi,MWI,2014,"Children in employment, female (% of female children ages 7-14)",SL.TLF.0714.FE.ZS,44.3497
Malawi,MWI,2011,"Children in employment, female (% of female children ages 7-14)",SL.TLF.0714.FE.ZS,23.8
Malawi,MWI,2006,"Children in employment, female (% of female children ages 7-14)",SL.TLF.0714.FE.ZS,39.4
Malawi,MWI,2004,"Children in employment, female (% of female children ages 7-14)",SL.TLF.0714.FE.ZS,40.3
Malawi,MWI,2015,"Children in employment, male (% of male children ages 7-14)",SL.TLF.0714.MA.ZS,50.79
Malawi,MWI,2014,"Children in employment, male (% of male children ages 7-14)",SL.TLF.0714.MA.ZS,50.88541
Malawi,MWI,2011,"Children in employment, male (% of male children ages 7-14)",SL.TLF.0714.MA.ZS,26.3
Malawi,MWI,2006,"Children in employment, male (% of male children ages 7-14)",SL.TLF.0714.MA.ZS,41.3
Malawi,MWI,2004,"Children in employment, male (% of male children ages 7-14)",SL.TLF.0714.MA.ZS,45
Malawi,MWI,2015,"Children in employment, study and work, female (% of female children in employment, ages 7-14)",SL.TLF.0714.SW.FE.ZS,92.9
Malawi,MWI,2014,"Children in employment, study and work, female (% of female children in employment, ages 7-14)",SL.TLF.0714.SW.FE.ZS,96.02836
Malawi,MWI,2011,"Children in employment, study and work, female (% of female children in employment, ages 7-14)",SL.TLF.0714.SW.FE.ZS,88.9008211693955
Malawi,MWI,2015,"Children in employment, study and work, male (% of male children in employment, ages 7-14)",SL.TLF.0714.SW.MA.ZS,92.5
Malawi,MWI,2014,"Children in employment, study and work, male (% of male children in employment, ages 7-14)",SL.TLF.0714.SW.MA.ZS,94.43129
Malawi,MWI,2011,"Children in employment, study and work, male (% of male children in employment, ages 7-14)",SL.TLF.0714.SW.MA.ZS,87.6073084465994
Malawi,MWI,2015,"Children in employment, study and work (% of children in employment, ages 7-14)",SL.TLF.0714.SW.ZS,92.7
Malawi,MWI,2014,"Children in employment, study and work (% of children in employment, ages 7-14)",SL.TLF.0714.SW.ZS,95.18458
Malawi,MWI,2011,"Children in employment, study and work (% of children in employment, ages 7-14)",SL.TLF.0714.SW.ZS,88.2240736270188
Malawi,MWI,2006,"Children in employment, study and work (% of children in employment, ages 7-14)",SL.TLF.0714.SW.ZS,89.5
Malawi,MWI,2004,"Children in employment, study and work (% of children in employment, ages 7-14)",SL.TLF.0714.SW.ZS,86.1
Malawi,MWI,2015,"Children in employment, work only, female (% of female children in employment, ages 7-14)",SL.TLF.0714.WK.FE.ZS,7.04
Malawi,MWI,2014,"Children in employment, work only, female (% of female children in employment, ages 7-14)",SL.TLF.0714.WK.FE.ZS,3.97164
Malawi,MWI,2011,"Children in employment, work only, female (% of female children in employment, ages 7-14)",SL.TLF.0714.WK.FE.ZS,11.0991788306045
Malawi,MWI,2015,"Children in employment, work only, male (% of male children in employment, ages 7-14)",SL.TLF.0714.WK.MA.ZS,7.49
Malawi,MWI,2014,"Children in employment, work only, male (% of male children in employment, ages 7-14)",SL.TLF.0714.WK.MA.ZS,5.568713
Malawi,MWI,2011,"Children in employment, work only, male (% of male children in employment, ages 7-14)",SL.TLF.0714.WK.MA.ZS,12.3926915534006
Malawi,MWI,2015,"Children in employment, work only (% of children in employment, ages 7-14)",SL.TLF.0714.WK.ZS,7.28
Malawi,MWI,2014,"Children in employment, work only (% of children in employment, ages 7-14)",SL.TLF.0714.WK.ZS,4.815425
Malawi,MWI,2011,"Children in employment, work only (% of children in employment, ages 7-14)",SL.TLF.0714.WK.ZS,11.7759263729812
Malawi,MWI,2006,"Children in employment, work only (% of children in employment, ages 7-14)",SL.TLF.0714.WK.ZS,10.5
Malawi,MWI,2004,"Children in employment, work only (% of children in employment, ages 7-14)",SL.TLF.0714.WK.ZS,13.9
Malawi,MWI,2015,"Children in employment, total (% of children ages 7-14)",SL.TLF.0714.ZS,48.9
Malawi,MWI,2014,"Children in employment, total (% of children ages 7-14)",SL.TLF.0714.ZS,47.57831
Malawi,MWI,2011,"Children in employment, total (% of children ages 7-14)",SL.TLF.0714.ZS,25.1
Malawi,MWI,2006,"Children in employment, total (% of children ages 7-14)",SL.TLF.0714.ZS,40.3
Malawi,MWI,2004,"Children in employment, total (% of children ages 7-14)",SL.TLF.0714.ZS,42.6
Malawi,MWI,2019,"Labor force participation rate for ages 15-24, female (%) (modeled ILO estimate)",SL.TLF.ACTI.1524.FE.ZS,60.625
Malawi,MWI,2018,"Labor force participation rate for ages 15-24, female (%) (modeled ILO estimate)",SL.TLF.ACTI.1524.FE.ZS,60.4469985961914
Malawi,MWI,2017,"Labor force participation rate for ages 15-24, female (%) (modeled ILO estimate)",SL.TLF.ACTI.1524.FE.ZS,61.0559997558594
Malawi,MWI,2016,"Labor force participation rate for ages 15-24, female (%) (modeled ILO estimate)",SL.TLF.ACTI.1524.FE.ZS,61.6559982299805
Malawi,MWI,2015,"Labor force participation rate for ages 15-24, female (%) (modeled ILO estimate)",SL.TLF.ACTI.1524.FE.ZS,62.2900009155273
Malawi,MWI,2014,"Labor force participation rate for ages 15-24, female (%) (modeled ILO estimate)",SL.TLF.ACTI.1524.FE.ZS,62.8110008239746
Malawi,MWI,2013,"Labor force participation rate for ages 15-24, female (%) (modeled ILO estimate)",SL.TLF.ACTI.1524.FE.ZS,63.3269996643066
Malawi,MWI,2012,"Labor force participation rate for ages 15-24, female (%) (modeled ILO estimate)",SL.TLF.ACTI.1524.FE.ZS,62.9739990234375
Malawi,MWI,2011,"Labor force participation rate for ages 15-24, female (%) (modeled ILO estimate)",SL.TLF.ACTI.1524.FE.ZS,62.6030006408691
Malawi,MWI,2010,"Labor force participation rate for ages 15-24, female (%) (modeled ILO estimate)",SL.TLF.ACTI.1524.FE.ZS,62.201000213623
Malawi,MWI,2009,"Labor force participation rate for ages 15-24, female (%) (modeled ILO estimate)",SL.TLF.ACTI.1524.FE.ZS,61.7589988708496
Malawi,MWI,2008,"Labor force participation rate for ages 15-24, female (%) (modeled ILO estimate)",SL.TLF.ACTI.1524.FE.ZS,61.2690010070801
Malawi,MWI,2007,"Labor force participation rate for ages 15-24, female (%) (modeled ILO estimate)",SL.TLF.ACTI.1524.FE.ZS,60.7490005493164
Malawi,MWI,2006,"Labor force participation rate for ages 15-24, female (%) (modeled ILO estimate)",SL.TLF.ACTI.1524.FE.ZS,60.242000579834
Malawi,MWI,2005,"Labor force participation rate for ages 15-24, female (%) (modeled ILO estimate)",SL.TLF.ACTI.1524.FE.ZS,59.7869987487793
Malawi,MWI,2004,"Labor force participation rate for ages 15-24, female (%) (modeled ILO estimate)",SL.TLF.ACTI.1524.FE.ZS,59.3899993896484
Malawi,MWI,2003,"Labor force participation rate for ages 15-24, female (%) (modeled ILO estimate)",SL.TLF.ACTI.1524.FE.ZS,59.0830001831055
Malawi,MWI,2002,"Labor force participation rate for ages 15-24, female (%) (modeled ILO estimate)",SL.TLF.ACTI.1524.FE.ZS,58.8479995727539
Malawi,MWI,2001,"Labor force participation rate for ages 15-24, female (%) (modeled ILO estimate)",SL.TLF.ACTI.1524.FE.ZS,58.6279983520508
Malawi,MWI,2000,"Labor force participation rate for ages 15-24, female (%) (modeled ILO estimate)",SL.TLF.ACTI.1524.FE.ZS,58.3720016479492
Malawi,MWI,1999,"Labor force participation rate for ages 15-24, female (%) (modeled ILO estimate)",SL.TLF.ACTI.1524.FE.ZS,58.0579986572266
Malawi,MWI,1998,"Labor force participation rate for ages 15-24, female (%) (modeled ILO estimate)",SL.TLF.ACTI.1524.FE.ZS,57.689998626709
Malawi,MWI,1997,"Labor force participation rate for ages 15-24, female (%) (modeled ILO estimate)",SL.TLF.ACTI.1524.FE.ZS,57.3190002441406
Malawi,MWI,1996,"Labor force participation rate for ages 15-24, female (%) (modeled ILO estimate)",SL.TLF.ACTI.1524.FE.ZS,56.9500007629395
Malawi,MWI,1995,"Labor force participation rate for ages 15-24, female (%) (modeled ILO estimate)",SL.TLF.ACTI.1524.FE.ZS,56.6360015869141
Malawi,MWI,1994,"Labor force participation rate for ages 15-24, female (%) (modeled ILO estimate)",SL.TLF.ACTI.1524.FE.ZS,56.4939994812012
Malawi,MWI,1993,"Labor force participation rate for ages 15-24, female (%) (modeled ILO estimate)",SL.TLF.ACTI.1524.FE.ZS,56.5169982910156
Malawi,MWI,1992,"Labor force participation rate for ages 15-24, female (%) (modeled ILO estimate)",SL.TLF.ACTI.1524.FE.ZS,56.5950012207031
Malawi,MWI,1991,"Labor force participation rate for ages 15-24, female (%) (modeled ILO estimate)",SL.TLF.ACTI.1524.FE.ZS,56.5660018920898
Malawi,MWI,1990,"Labor force participation rate for ages 15-24, female (%) (modeled ILO estimate)",SL.TLF.ACTI.1524.FE.ZS,56.3460006713867
Malawi,MWI,2019,"Labor force participation rate for ages 15-24, male (%) (modeled ILO estimate)",SL.TLF.ACTI.1524.MA.ZS,63.2700004577637
Malawi,MWI,2018,"Labor force participation rate for ages 15-24, male (%) (modeled ILO estimate)",SL.TLF.ACTI.1524.MA.ZS,62.7709999084473
Malawi,MWI,2017,"Labor force participation rate for ages 15-24, male (%) (modeled ILO estimate)",SL.TLF.ACTI.1524.MA.ZS,63.8790016174316
Malawi,MWI,2016,"Labor force participation rate for ages 15-24, male (%) (modeled ILO estimate)",SL.TLF.ACTI.1524.MA.ZS,64.9739990234375
Malawi,MWI,2015,"Labor force participation rate for ages 15-24, male (%) (modeled ILO estimate)",SL.TLF.ACTI.1524.MA.ZS,66.1380004882813
Malawi,MWI,2014,"Labor force participation rate for ages 15-24, male (%) (modeled ILO estimate)",SL.TLF.ACTI.1524.MA.ZS,67.0989990234375
Malawi,MWI,2013,"Labor force participation rate for ages 15-24, male (%) (modeled ILO estimate)",SL.TLF.ACTI.1524.MA.ZS,68.0540008544922
Malawi,MWI,2012,"Labor force participation rate for ages 15-24, male (%) (modeled ILO estimate)",SL.TLF.ACTI.1524.MA.ZS,66.8089981079102
Malawi,MWI,2011,"Labor force participation rate for ages 15-24, male (%) (modeled ILO estimate)",SL.TLF.ACTI.1524.MA.ZS,65.5299987792969
Malawi,MWI,2010,"Labor force participation rate for ages 15-24, male (%) (modeled ILO estimate)",SL.TLF.ACTI.1524.MA.ZS,64.1989974975586
Malawi,MWI,2009,"Labor force participation rate for ages 15-24, male (%) (modeled ILO estimate)",SL.TLF.ACTI.1524.MA.ZS,62.810001373291
Malawi,MWI,2008,"Labor force participation rate for ages 15-24, male (%) (modeled ILO estimate)",SL.TLF.ACTI.1524.MA.ZS,61.3530006408691
Malawi,MWI,2007,"Labor force participation rate for ages 15-24, male (%) (modeled ILO estimate)",SL.TLF.ACTI.1524.MA.ZS,59.8540000915527
Malawi,MWI,2006,"Labor force participation rate for ages 15-24, male (%) (modeled ILO estimate)",SL.TLF.ACTI.1524.MA.ZS,58.3769989013672
Malawi,MWI,2005,"Labor force participation rate for ages 15-24, male (%) (modeled ILO estimate)",SL.TLF.ACTI.1524.MA.ZS,56.976001739502
Malawi,MWI,2004,"Labor force participation rate for ages 15-24, male (%) (modeled ILO estimate)",SL.TLF.ACTI.1524.MA.ZS,55.6640014648438
Malawi,MWI,2003,"Labor force participation rate for ages 15-24, male (%) (modeled ILO estimate)",SL.TLF.ACTI.1524.MA.ZS,54.4780006408691
Malawi,MWI,2002,"Labor force participation rate for ages 15-24, male (%) (modeled ILO estimate)",SL.TLF.ACTI.1524.MA.ZS,53.390998840332
Malawi,MWI,2001,"Labor force participation rate for ages 15-24, male (%) (modeled ILO estimate)",SL.TLF.ACTI.1524.MA.ZS,52.3209991455078
Malawi,MWI,2000,"Labor force participation rate for ages 15-24, male (%) (modeled ILO estimate)",SL.TLF.ACTI.1524.MA.ZS,51.2039985656738
Malawi,MWI,1999,"Labor force participation rate for ages 15-24, male (%) (modeled ILO estimate)",SL.TLF.ACTI.1524.MA.ZS,50.0250015258789
Malawi,MWI,1998,"Labor force participation rate for ages 15-24, male (%) (modeled ILO estimate)",SL.TLF.ACTI.1524.MA.ZS,48.7849998474121
Malawi,MWI,1997,"Labor force participation rate for ages 15-24, male (%) (modeled ILO estimate)",SL.TLF.ACTI.1524.MA.ZS,48.242000579834
Malawi,MWI,1996,"Labor force participation rate for ages 15-24, male (%) (modeled ILO estimate)",SL.TLF.ACTI.1524.MA.ZS,47.6959991455078
Malawi,MWI,1995,"Labor force participation rate for ages 15-24, male (%) (modeled ILO estimate)",SL.TLF.ACTI.1524.MA.ZS,47.2190017700195
Malawi,MWI,1994,"Labor force participation rate for ages 15-24, male (%) (modeled ILO estimate)",SL.TLF.ACTI.1524.MA.ZS,46.9959983825684
Malawi,MWI,1993,"Labor force participation rate for ages 15-24, male (%) (modeled ILO estimate)",SL.TLF.ACTI.1524.MA.ZS,46.9959983825684
Malawi,MWI,1992,"Labor force participation rate for ages 15-24, male (%) (modeled ILO estimate)",SL.TLF.ACTI.1524.MA.ZS,47.0639991760254
Malawi,MWI,1991,"Labor force participation rate for ages 15-24, male (%) (modeled ILO estimate)",SL.TLF.ACTI.1524.MA.ZS,46.9830017089844
Malawi,MWI,1990,"Labor force participation rate for ages 15-24, male (%) (modeled ILO estimate)",SL.TLF.ACTI.1524.MA.ZS,46.6389999389648
Malawi,MWI,2019,"Labor force participation rate for ages 15-24, total (%) (modeled ILO estimate)",SL.TLF.ACTI.1524.ZS,61.9420013427734
Malawi,MWI,2018,"Labor force participation rate for ages 15-24, total (%) (modeled ILO estimate)",SL.TLF.ACTI.1524.ZS,61.6040000915527
Malawi,MWI,2017,"Labor force participation rate for ages 15-24, total (%) (modeled ILO estimate)",SL.TLF.ACTI.1524.ZS,62.4589996337891
Malawi,MWI,2016,"Labor force participation rate for ages 15-24, total (%) (modeled ILO estimate)",SL.TLF.ACTI.1524.ZS,63.3040008544922
Malawi,MWI,2015,"Labor force participation rate for ages 15-24, total (%) (modeled ILO estimate)",SL.TLF.ACTI.1524.ZS,64.1989974975586
Malawi,MWI,2014,"Labor force participation rate for ages 15-24, total (%) (modeled ILO estimate)",SL.TLF.ACTI.1524.ZS,64.9349975585938
Malawi,MWI,2013,"Labor force participation rate for ages 15-24, total (%) (modeled ILO estimate)",SL.TLF.ACTI.1524.ZS,65.6650009155273
Malawi,MWI,2012,"Labor force participation rate for ages 15-24, total (%) (modeled ILO estimate)",SL.TLF.ACTI.1524.ZS,64.8679962158203
Malawi,MWI,2011,"Labor force participation rate for ages 15-24, total (%) (modeled ILO estimate)",SL.TLF.ACTI.1524.ZS,64.0469970703125
Malawi,MWI,2010,"Labor force participation rate for ages 15-24, total (%) (modeled ILO estimate)",SL.TLF.ACTI.1524.ZS,63.1860008239746
Malawi,MWI,2009,"Labor force participation rate for ages 15-24, total (%) (modeled ILO estimate)",SL.TLF.ACTI.1524.ZS,62.2770004272461
Malawi,MWI,2008,"Labor force participation rate for ages 15-24, total (%) (modeled ILO estimate)",SL.TLF.ACTI.1524.ZS,61.310001373291
Malawi,MWI,2007,"Labor force participation rate for ages 15-24, total (%) (modeled ILO estimate)",SL.TLF.ACTI.1524.ZS,60.3079986572266
Malawi,MWI,2006,"Labor force participation rate for ages 15-24, total (%) (modeled ILO estimate)",SL.TLF.ACTI.1524.ZS,59.3219985961914
Malawi,MWI,2005,"Labor force participation rate for ages 15-24, total (%) (modeled ILO estimate)",SL.TLF.ACTI.1524.ZS,58.4000015258789
Malawi,MWI,2004,"Labor force participation rate for ages 15-24, total (%) (modeled ILO estimate)",SL.TLF.ACTI.1524.ZS,57.5499992370605
Malawi,MWI,2003,"Labor force participation rate for ages 15-24, total (%) (modeled ILO estimate)",SL.TLF.ACTI.1524.ZS,56.806999206543
Malawi,MWI,2002,"Labor force participation rate for ages 15-24, total (%) (modeled ILO estimate)",SL.TLF.ACTI.1524.ZS,56.1469993591309
Malawi,MWI,2001,"Labor force participation rate for ages 15-24, total (%) (modeled ILO estimate)",SL.TLF.ACTI.1524.ZS,55.5029983520508
Malawi,MWI,2000,"Labor force participation rate for ages 15-24, total (%) (modeled ILO estimate)",SL.TLF.ACTI.1524.ZS,54.8160018920898
Malawi,MWI,1999,"Labor force participation rate for ages 15-24, total (%) (modeled ILO estimate)",SL.TLF.ACTI.1524.ZS,54.0690002441406
Malawi,MWI,1998,"Labor force participation rate for ages 15-24, total (%) (modeled ILO estimate)",SL.TLF.ACTI.1524.ZS,53.2630004882813
Malawi,MWI,1997,"Labor force participation rate for ages 15-24, total (%) (modeled ILO estimate)",SL.TLF.ACTI.1524.ZS,52.8030014038086
Malawi,MWI,1996,"Labor force participation rate for ages 15-24, total (%) (modeled ILO estimate)",SL.TLF.ACTI.1524.ZS,52.3450012207031
Malawi,MWI,1995,"Labor force participation rate for ages 15-24, total (%) (modeled ILO estimate)",SL.TLF.ACTI.1524.ZS,51.951000213623
Malawi,MWI,1994,"Labor force participation rate for ages 15-24, total (%) (modeled ILO estimate)",SL.TLF.ACTI.1524.ZS,51.7620010375977
Malawi,MWI,1993,"Labor force participation rate for ages 15-24, total (%) (modeled ILO estimate)",SL.TLF.ACTI.1524.ZS,51.7700004577637
Malawi,MWI,1992,"Labor force participation rate for ages 15-24, total (%) (modeled ILO estimate)",SL.TLF.ACTI.1524.ZS,51.8419990539551
Malawi,MWI,1991,"Labor force participation rate for ages 15-24, total (%) (modeled ILO estimate)",SL.TLF.ACTI.1524.ZS,51.7859992980957
Malawi,MWI,1990,"Labor force participation rate for ages 15-24, total (%) (modeled ILO estimate)",SL.TLF.ACTI.1524.ZS,51.5019989013672
Malawi,MWI,2019,"Labor force participation rate, female (% of female population ages 15-64) (modeled ILO estimate)",SL.TLF.ACTI.FE.ZS,73.9869995117188
Malawi,MWI,2018,"Labor force participation rate, female (% of female population ages 15-64) (modeled ILO estimate)",SL.TLF.ACTI.FE.ZS,73.9879989624023
Malawi,MWI,2017,"Labor force participation rate, female (% of female population ages 15-64) (modeled ILO estimate)",SL.TLF.ACTI.FE.ZS,74.0179977416992
Malawi,MWI,2016,"Labor force participation rate, female (% of female population ages 15-64) (modeled ILO estimate)",SL.TLF.ACTI.FE.ZS,74.0439987182617
Malawi,MWI,2015,"Labor force participation rate, female (% of female population ages 15-64) (modeled ILO estimate)",SL.TLF.ACTI.FE.ZS,74.0670013427734
Malawi,MWI,2014,"Labor force participation rate, female (% of female population ages 15-64) (modeled ILO estimate)",SL.TLF.ACTI.FE.ZS,74.0869979858398
Malawi,MWI,2013,"Labor force participation rate, female (% of female population ages 15-64) (modeled ILO estimate)",SL.TLF.ACTI.FE.ZS,74.1159973144531
Malawi,MWI,2012,"Labor force participation rate, female (% of female population ages 15-64) (modeled ILO estimate)",SL.TLF.ACTI.FE.ZS,74.1790008544922
Malawi,MWI,2011,"Labor force participation rate, female (% of female population ages 15-64) (modeled ILO estimate)",SL.TLF.ACTI.FE.ZS,74.2320022583008
Malawi,MWI,2010,"Labor force participation rate, female (% of female population ages 15-64) (modeled ILO estimate)",SL.TLF.ACTI.FE.ZS,74.2740020751953
Malawi,MWI,2009,"Labor force participation rate, female (% of female population ages 15-64) (modeled ILO estimate)",SL.TLF.ACTI.FE.ZS,74.3420028686523
Malawi,MWI,2008,"Labor force participation rate, female (% of female population ages 15-64) (modeled ILO estimate)",SL.TLF.ACTI.FE.ZS,74.4029998779297
Malawi,MWI,2007,"Labor force participation rate, female (% of female population ages 15-64) (modeled ILO estimate)",SL.TLF.ACTI.FE.ZS,74.463996887207
Malawi,MWI,2006,"Labor force participation rate, female (% of female population ages 15-64) (modeled ILO estimate)",SL.TLF.ACTI.FE.ZS,74.5350036621094
Malawi,MWI,2005,"Labor force participation rate, female (% of female population ages 15-64) (modeled ILO estimate)",SL.TLF.ACTI.FE.ZS,74.6279983520508
Malawi,MWI,2004,"Labor force participation rate, female (% of female population ages 15-64) (modeled ILO estimate)",SL.TLF.ACTI.FE.ZS,74.786003112793
Malawi,MWI,2003,"Labor force participation rate, female (% of female population ages 15-64) (modeled ILO estimate)",SL.TLF.ACTI.FE.ZS,74.9800033569336
Malawi,MWI,2002,"Labor force participation rate, female (% of female population ages 15-64) (modeled ILO estimate)",SL.TLF.ACTI.FE.ZS,75.197998046875
Malawi,MWI,2001,"Labor force participation rate, female (% of female population ages 15-64) (modeled ILO estimate)",SL.TLF.ACTI.FE.ZS,75.4079971313477
Malawi,MWI,2000,"Labor force participation rate, female (% of female population ages 15-64) (modeled ILO estimate)",SL.TLF.ACTI.FE.ZS,75.5839996337891
Malawi,MWI,1999,"Labor force participation rate, female (% of female population ages 15-64) (modeled ILO estimate)",SL.TLF.ACTI.FE.ZS,75.7119979858398
Malawi,MWI,1998,"Labor force participation rate, female (% of female population ages 15-64) (modeled ILO estimate)",SL.TLF.ACTI.FE.ZS,75.7959976196289
Malawi,MWI,1997,"Labor force participation rate, female (% of female population ages 15-64) (modeled ILO estimate)",SL.TLF.ACTI.FE.ZS,75.818000793457
Malawi,MWI,1996,"Labor force participation rate, female (% of female population ages 15-64) (modeled ILO estimate)",SL.TLF.ACTI.FE.ZS,75.8320007324219
Malawi,MWI,1995,"Labor force participation rate, female (% of female population ages 15-64) (modeled ILO estimate)",SL.TLF.ACTI.FE.ZS,75.8710021972656
Malawi,MWI,1994,"Labor force participation rate, female (% of female population ages 15-64) (modeled ILO estimate)",SL.TLF.ACTI.FE.ZS,75.9660034179688
Malawi,MWI,1993,"Labor force participation rate, female (% of female population ages 15-64) (modeled ILO estimate)",SL.TLF.ACTI.FE.ZS,75.9850006103516
Malawi,MWI,1992,"Labor force participation rate, female (% of female population ages 15-64) (modeled ILO estimate)",SL.TLF.ACTI.FE.ZS,76.0999984741211
Malawi,MWI,1991,"Labor force participation rate, female (% of female population ages 15-64) (modeled ILO estimate)",SL.TLF.ACTI.FE.ZS,76.1520004272461
Malawi,MWI,1990,"Labor force participation rate, female (% of female population ages 15-64) (modeled ILO estimate)",SL.TLF.ACTI.FE.ZS,76.2559967041016
Malawi,MWI,2019,"Labor force participation rate, male (% of male population ages 15-64) (modeled ILO estimate)",SL.TLF.ACTI.MA.ZS,81.5830001831055
Malawi,MWI,2018,"Labor force participation rate, male (% of male population ages 15-64) (modeled ILO estimate)",SL.TLF.ACTI.MA.ZS,81.3820037841797
Malawi,MWI,2017,"Labor force participation rate, male (% of male population ages 15-64) (modeled ILO estimate)",SL.TLF.ACTI.MA.ZS,81.8270034790039
Malawi,MWI,2016,"Labor force participation rate, male (% of male population ages 15-64) (modeled ILO estimate)",SL.TLF.ACTI.MA.ZS,82.2649993896484
Malawi,MWI,2015,"Labor force participation rate, male (% of male population ages 15-64) (modeled ILO estimate)",SL.TLF.ACTI.MA.ZS,82.7180023193359
Malawi,MWI,2014,"Labor force participation rate, male (% of male population ages 15-64) (modeled ILO estimate)",SL.TLF.ACTI.MA.ZS,83.0920028686523
Malawi,MWI,2013,"Labor force participation rate, male (% of male population ages 15-64) (modeled ILO estimate)",SL.TLF.ACTI.MA.ZS,83.4779968261719
Malawi,MWI,2012,"Labor force participation rate, male (% of male population ages 15-64) (modeled ILO estimate)",SL.TLF.ACTI.MA.ZS,83.109001159668
Malawi,MWI,2011,"Labor force participation rate, male (% of male population ages 15-64) (modeled ILO estimate)",SL.TLF.ACTI.MA.ZS,82.7129974365234
Malawi,MWI,2010,"Labor force participation rate, male (% of male population ages 15-64) (modeled ILO estimate)",SL.TLF.ACTI.MA.ZS,82.2919998168945
Malawi,MWI,2009,"Labor force participation rate, male (% of male population ages 15-64) (modeled ILO estimate)",SL.TLF.ACTI.MA.ZS,81.9000015258789
Malawi,MWI,2008,"Labor force participation rate, male (% of male population ages 15-64) (modeled ILO estimate)",SL.TLF.ACTI.MA.ZS,81.4970016479492
Malawi,MWI,2007,"Labor force participation rate, male (% of male population ages 15-64) (modeled ILO estimate)",SL.TLF.ACTI.MA.ZS,81.0920028686523
Malawi,MWI,2006,"Labor force participation rate, male (% of male population ages 15-64) (modeled ILO estimate)",SL.TLF.ACTI.MA.ZS,80.6999969482422
Malawi,MWI,2005,"Labor force participation rate, male (% of male population ages 15-64) (modeled ILO estimate)",SL.TLF.ACTI.MA.ZS,80.3369979858398
Malawi,MWI,2004,"Labor force participation rate, male (% of male population ages 15-64) (modeled ILO estimate)",SL.TLF.ACTI.MA.ZS,80.0699996948242
Malawi,MWI,2003,"Labor force participation rate, male (% of male population ages 15-64) (modeled ILO estimate)",SL.TLF.ACTI.MA.ZS,79.8600006103516
Malawi,MWI,2002,"Labor force participation rate, male (% of male population ages 15-64) (modeled ILO estimate)",SL.TLF.ACTI.MA.ZS,79.6880035400391
Malawi,MWI,2001,"Labor force participation rate, male (% of male population ages 15-64) (modeled ILO estimate)",SL.TLF.ACTI.MA.ZS,79.5130004882813
Malawi,MWI,2000,"Labor force participation rate, male (% of male population ages 15-64) (modeled ILO estimate)",SL.TLF.ACTI.MA.ZS,79.3030014038086
Malawi,MWI,1999,"Labor force participation rate, male (% of male population ages 15-64) (modeled ILO estimate)",SL.TLF.ACTI.MA.ZS,79.0469970703125
Malawi,MWI,1998,"Labor force participation rate, male (% of male population ages 15-64) (modeled ILO estimate)",SL.TLF.ACTI.MA.ZS,78.7460021972656
Malawi,MWI,1997,"Labor force participation rate, male (% of male population ages 15-64) (modeled ILO estimate)",SL.TLF.ACTI.MA.ZS,78.6169967651367
Malawi,MWI,1996,"Labor force participation rate, male (% of male population ages 15-64) (modeled ILO estimate)",SL.TLF.ACTI.MA.ZS,78.4909973144531
Malawi,MWI,1995,"Labor force participation rate, male (% of male population ages 15-64) (modeled ILO estimate)",SL.TLF.ACTI.MA.ZS,78.4400024414063
Malawi,MWI,1994,"Labor force participation rate, male (% of male population ages 15-64) (modeled ILO estimate)",SL.TLF.ACTI.MA.ZS,78.4810028076172
Malawi,MWI,1993,"Labor force participation rate, male (% of male population ages 15-64) (modeled ILO estimate)",SL.TLF.ACTI.MA.ZS,78.4420013427734
Malawi,MWI,1992,"Labor force participation rate, male (% of male population ages 15-64) (modeled ILO estimate)",SL.TLF.ACTI.MA.ZS,78.6100006103516
Malawi,MWI,1991,"Labor force participation rate, male (% of male population ages 15-64) (modeled ILO estimate)",SL.TLF.ACTI.MA.ZS,78.5830001831055
Malawi,MWI,1990,"Labor force participation rate, male (% of male population ages 15-64) (modeled ILO estimate)",SL.TLF.ACTI.MA.ZS,78.5469970703125
Malawi,MWI,2019,"Labor force participation rate, total (% of total population ages 15-64) (modeled ILO estimate)",SL.TLF.ACTI.ZS,77.7009963989258
Malawi,MWI,2018,"Labor force participation rate, total (% of total population ages 15-64) (modeled ILO estimate)",SL.TLF.ACTI.ZS,77.6019973754883
Malawi,MWI,2017,"Labor force participation rate, total (% of total population ages 15-64) (modeled ILO estimate)",SL.TLF.ACTI.ZS,77.8339996337891
Malawi,MWI,2016,"Labor force participation rate, total (% of total population ages 15-64) (modeled ILO estimate)",SL.TLF.ACTI.ZS,78.0609970092773
Malawi,MWI,2015,"Labor force participation rate, total (% of total population ages 15-64) (modeled ILO estimate)",SL.TLF.ACTI.ZS,78.2929992675781
Malawi,MWI,2014,"Labor force participation rate, total (% of total population ages 15-64) (modeled ILO estimate)",SL.TLF.ACTI.ZS,78.4850006103516
Malawi,MWI,2013,"Labor force participation rate, total (% of total population ages 15-64) (modeled ILO estimate)",SL.TLF.ACTI.ZS,78.6869964599609
Malawi,MWI,2012,"Labor force participation rate, total (% of total population ages 15-64) (modeled ILO estimate)",SL.TLF.ACTI.ZS,78.5380020141602
Malawi,MWI,2011,"Labor force participation rate, total (% of total population ages 15-64) (modeled ILO estimate)",SL.TLF.ACTI.ZS,78.3720016479492
Malawi,MWI,2010,"Labor force participation rate, total (% of total population ages 15-64) (modeled ILO estimate)",SL.TLF.ACTI.ZS,78.1890029907227
Malawi,MWI,2009,"Labor force participation rate, total (% of total population ages 15-64) (modeled ILO estimate)",SL.TLF.ACTI.ZS,78.0319976806641
Malawi,MWI,2008,"Labor force participation rate, total (% of total population ages 15-64) (modeled ILO estimate)",SL.TLF.ACTI.ZS,77.8669967651367
Malawi,MWI,2007,"Labor force participation rate, total (% of total population ages 15-64) (modeled ILO estimate)",SL.TLF.ACTI.ZS,77.7009963989258
Malawi,MWI,2006,"Labor force participation rate, total (% of total population ages 15-64) (modeled ILO estimate)",SL.TLF.ACTI.ZS,77.5479965209961
Malawi,MWI,2005,"Labor force participation rate, total (% of total population ages 15-64) (modeled ILO estimate)",SL.TLF.ACTI.ZS,77.4199981689453
Malawi,MWI,2004,"Labor force participation rate, total (% of total population ages 15-64) (modeled ILO estimate)",SL.TLF.ACTI.ZS,77.3720016479492
Malawi,MWI,2003,"Labor force participation rate, total (% of total population ages 15-64) (modeled ILO estimate)",SL.TLF.ACTI.ZS,77.370002746582
Malawi,MWI,2002,"Labor force participation rate, total (% of total population ages 15-64) (modeled ILO estimate)",SL.TLF.ACTI.ZS,77.3990020751953
Malawi,MWI,2001,"Labor force participation rate, total (% of total population ages 15-64) (modeled ILO estimate)",SL.TLF.ACTI.ZS,77.4229965209961
Malawi,MWI,2000,"Labor force participation rate, total (% of total population ages 15-64) (modeled ILO estimate)",SL.TLF.ACTI.ZS,77.411003112793
Malawi,MWI,1999,"Labor force participation rate, total (% of total population ages 15-64) (modeled ILO estimate)",SL.TLF.ACTI.ZS,77.3529968261719
Malawi,MWI,1998,"Labor force participation rate, total (% of total population ages 15-64) (modeled ILO estimate)",SL.TLF.ACTI.ZS,77.2509994506836
Malawi,MWI,1997,"Labor force participation rate, total (% of total population ages 15-64) (modeled ILO estimate)",SL.TLF.ACTI.ZS,77.2009963989258
Malawi,MWI,1996,"Labor force participation rate, total (% of total population ages 15-64) (modeled ILO estimate)",SL.TLF.ACTI.ZS,77.1480026245117
Malawi,MWI,1995,"Labor force participation rate, total (% of total population ages 15-64) (modeled ILO estimate)",SL.TLF.ACTI.ZS,77.1449966430664
Malawi,MWI,1994,"Labor force participation rate, total (% of total population ages 15-64) (modeled ILO estimate)",SL.TLF.ACTI.ZS,77.2119979858398
Malawi,MWI,1993,"Labor force participation rate, total (% of total population ages 15-64) (modeled ILO estimate)",SL.TLF.ACTI.ZS,77.2009963989258
Malawi,MWI,1992,"Labor force participation rate, total (% of total population ages 15-64) (modeled ILO estimate)",SL.TLF.ACTI.ZS,77.3410034179688
Malawi,MWI,1991,"Labor force participation rate, total (% of total population ages 15-64) (modeled ILO estimate)",SL.TLF.ACTI.ZS,77.3519973754883
Malawi,MWI,1990,"Labor force participation rate, total (% of total population ages 15-64) (modeled ILO estimate)",SL.TLF.ACTI.ZS,77.3860015869141
Malawi,MWI,2019,"Labor force participation rate, female (% of female population ages 15+) (modeled ILO estimate)",SL.TLF.CACT.FE.ZS,72.5930023193359
Malawi,MWI,2018,"Labor force participation rate, female (% of female population ages 15+) (modeled ILO estimate)",SL.TLF.CACT.FE.ZS,72.5960006713867
Malawi,MWI,2017,"Labor force participation rate, female (% of female population ages 15+) (modeled ILO estimate)",SL.TLF.CACT.FE.ZS,72.6159973144531
Malawi,MWI,2016,"Labor force participation rate, female (% of female population ages 15+) (modeled ILO estimate)",SL.TLF.CACT.FE.ZS,72.6340026855469
Malawi,MWI,2015,"Labor force participation rate, female (% of female population ages 15+) (modeled ILO estimate)",SL.TLF.CACT.FE.ZS,72.6539993286133
Malawi,MWI,2014,"Labor force participation rate, female (% of female population ages 15+) (modeled ILO estimate)",SL.TLF.CACT.FE.ZS,72.6589965820313
Malawi,MWI,2013,"Labor force participation rate, female (% of female population ages 15+) (modeled ILO estimate)",SL.TLF.CACT.FE.ZS,72.6780014038086
Malawi,MWI,2012,"Labor force participation rate, female (% of female population ages 15+) (modeled ILO estimate)",SL.TLF.CACT.FE.ZS,72.8919982910156
Malawi,MWI,2011,"Labor force participation rate, female (% of female population ages 15+) (modeled ILO estimate)",SL.TLF.CACT.FE.ZS,73.0989990234375
Malawi,MWI,2010,"Labor force participation rate, female (% of female population ages 15+) (modeled ILO estimate)",SL.TLF.CACT.FE.ZS,73.2969970703125
Malawi,MWI,2009,"Labor force participation rate, female (% of female population ages 15+) (modeled ILO estimate)",SL.TLF.CACT.FE.ZS,73.5070037841797
Malawi,MWI,2008,"Labor force participation rate, female (% of female population ages 15+) (modeled ILO estimate)",SL.TLF.CACT.FE.ZS,73.7129974365234
Malawi,MWI,2007,"Labor force participation rate, female (% of female population ages 15+) (modeled ILO estimate)",SL.TLF.CACT.FE.ZS,73.9179992675781
Malawi,MWI,2006,"Labor force participation rate, female (% of female population ages 15+) (modeled ILO estimate)",SL.TLF.CACT.FE.ZS,74.1320037841797
Malawi,MWI,2005,"Labor force participation rate, female (% of female population ages 15+) (modeled ILO estimate)",SL.TLF.CACT.FE.ZS,74.3629989624023
Malawi,MWI,2004,"Labor force participation rate, female (% of female population ages 15+) (modeled ILO estimate)",SL.TLF.CACT.FE.ZS,74.6510009765625
Malawi,MWI,2003,"Labor force participation rate, female (% of female population ages 15+) (modeled ILO estimate)",SL.TLF.CACT.FE.ZS,74.9690017700195
Malawi,MWI,2002,"Labor force participation rate, female (% of female population ages 15+) (modeled ILO estimate)",SL.TLF.CACT.FE.ZS,75.3040008544922
Malawi,MWI,2001,"Labor force participation rate, female (% of female population ages 15+) (modeled ILO estimate)",SL.TLF.CACT.FE.ZS,75.6240005493164
Malawi,MWI,2000,"Labor force participation rate, female (% of female population ages 15+) (modeled ILO estimate)",SL.TLF.CACT.FE.ZS,75.9049987792969
Malawi,MWI,1999,"Labor force participation rate, female (% of female population ages 15+) (modeled ILO estimate)",SL.TLF.CACT.FE.ZS,76.1380004882813
Malawi,MWI,1998,"Labor force participation rate, female (% of female population ages 15+) (modeled ILO estimate)",SL.TLF.CACT.FE.ZS,76.3239974975586
Malawi,MWI,1997,"Labor force participation rate, female (% of female population ages 15+) (modeled ILO estimate)",SL.TLF.CACT.FE.ZS,76.3440017700195
Malawi,MWI,1996,"Labor force participation rate, female (% of female population ages 15+) (modeled ILO estimate)",SL.TLF.CACT.FE.ZS,76.3570022583008
Malawi,MWI,1995,"Labor force participation rate, female (% of female population ages 15+) (modeled ILO estimate)",SL.TLF.CACT.FE.ZS,76.3939971923828
Malawi,MWI,1994,"Labor force participation rate, female (% of female population ages 15+) (modeled ILO estimate)",SL.TLF.CACT.FE.ZS,76.4810028076172
Malawi,MWI,1993,"Labor force participation rate, female (% of female population ages 15+) (modeled ILO estimate)",SL.TLF.CACT.FE.ZS,76.4860000610352
Malawi,MWI,1992,"Labor force participation rate, female (% of female population ages 15+) (modeled ILO estimate)",SL.TLF.CACT.FE.ZS,76.5899963378906
Malawi,MWI,1991,"Labor force participation rate, female (% of female population ages 15+) (modeled ILO estimate)",SL.TLF.CACT.FE.ZS,76.625
Malawi,MWI,1990,"Labor force participation rate, female (% of female population ages 15+) (modeled ILO estimate)",SL.TLF.CACT.FE.ZS,76.7109985351563
Malawi,MWI,2019,"Labor force participation rate, male (% of male population ages 15+) (modeled ILO estimate)",SL.TLF.CACT.MA.ZS,81.1019973754883
Malawi,MWI,2018,"Labor force participation rate, male (% of male population ages 15+) (modeled ILO estimate)",SL.TLF.CACT.MA.ZS,80.9130020141602
Malawi,MWI,2017,"Labor force participation rate, male (% of male population ages 15+) (modeled ILO estimate)",SL.TLF.CACT.MA.ZS,81.3460006713867
Malawi,MWI,2016,"Labor force participation rate, male (% of male population ages 15+) (modeled ILO estimate)",SL.TLF.CACT.MA.ZS,81.7740020751953
Malawi,MWI,2015,"Labor force participation rate, male (% of male population ages 15+) (modeled ILO estimate)",SL.TLF.CACT.MA.ZS,82.2160034179688
Malawi,MWI,2014,"Labor force participation rate, male (% of male population ages 15+) (modeled ILO estimate)",SL.TLF.CACT.MA.ZS,82.5749969482422
Malawi,MWI,2013,"Labor force participation rate, male (% of male population ages 15+) (modeled ILO estimate)",SL.TLF.CACT.MA.ZS,82.9509963989258
Malawi,MWI,2012,"Labor force participation rate, male (% of male population ages 15+) (modeled ILO estimate)",SL.TLF.CACT.MA.ZS,82.6959991455078
Malawi,MWI,2011,"Labor force participation rate, male (% of male population ages 15+) (modeled ILO estimate)",SL.TLF.CACT.MA.ZS,82.4120025634766
Malawi,MWI,2010,"Labor force participation rate, male (% of male population ages 15+) (modeled ILO estimate)",SL.TLF.CACT.MA.ZS,82.0999984741211
Malawi,MWI,2009,"Labor force participation rate, male (% of male population ages 15+) (modeled ILO estimate)",SL.TLF.CACT.MA.ZS,81.8059997558594
Malawi,MWI,2008,"Labor force participation rate, male (% of male population ages 15+) (modeled ILO estimate)",SL.TLF.CACT.MA.ZS,81.5009994506836
Malawi,MWI,2007,"Labor force participation rate, male (% of male population ages 15+) (modeled ILO estimate)",SL.TLF.CACT.MA.ZS,81.193000793457
Malawi,MWI,2006,"Labor force participation rate, male (% of male population ages 15+) (modeled ILO estimate)",SL.TLF.CACT.MA.ZS,80.8939971923828
Malawi,MWI,2005,"Labor force participation rate, male (% of male population ages 15+) (modeled ILO estimate)",SL.TLF.CACT.MA.ZS,80.6179962158203
Malawi,MWI,2004,"Labor force participation rate, male (% of male population ages 15+) (modeled ILO estimate)",SL.TLF.CACT.MA.ZS,80.4400024414063
Malawi,MWI,2003,"Labor force participation rate, male (% of male population ages 15+) (modeled ILO estimate)",SL.TLF.CACT.MA.ZS,80.3150024414063
Malawi,MWI,2002,"Labor force participation rate, male (% of male population ages 15+) (modeled ILO estimate)",SL.TLF.CACT.MA.ZS,80.2220001220703
Malawi,MWI,2001,"Labor force participation rate, male (% of male population ages 15+) (modeled ILO estimate)",SL.TLF.CACT.MA.ZS,80.1210021972656
Malawi,MWI,2000,"Labor force participation rate, male (% of male population ages 15+) (modeled ILO estimate)",SL.TLF.CACT.MA.ZS,79.9800033569336
Malawi,MWI,1999,"Labor force participation rate, male (% of male population ages 15+) (modeled ILO estimate)",SL.TLF.CACT.MA.ZS,79.8050003051758
Malawi,MWI,1998,"Labor force participation rate, male (% of male population ages 15+) (modeled ILO estimate)",SL.TLF.CACT.MA.ZS,79.5839996337891
Malawi,MWI,1997,"Labor force participation rate, male (% of male population ages 15+) (modeled ILO estimate)",SL.TLF.CACT.MA.ZS,79.4710006713867
Malawi,MWI,1996,"Labor force participation rate, male (% of male population ages 15+) (modeled ILO estimate)",SL.TLF.CACT.MA.ZS,79.359001159668
Malawi,MWI,1995,"Labor force participation rate, male (% of male population ages 15+) (modeled ILO estimate)",SL.TLF.CACT.MA.ZS,79.3239974975586
Malawi,MWI,1994,"Labor force participation rate, male (% of male population ages 15+) (modeled ILO estimate)",SL.TLF.CACT.MA.ZS,79.3759994506836
Malawi,MWI,1993,"Labor force participation rate, male (% of male population ages 15+) (modeled ILO estimate)",SL.TLF.CACT.MA.ZS,79.2979965209961
Malawi,MWI,1992,"Labor force participation rate, male (% of male population ages 15+) (modeled ILO estimate)",SL.TLF.CACT.MA.ZS,79.4629974365234
Malawi,MWI,1991,"Labor force participation rate, male (% of male population ages 15+) (modeled ILO estimate)",SL.TLF.CACT.MA.ZS,79.3990020751953
Malawi,MWI,1990,"Labor force participation rate, male (% of male population ages 15+) (modeled ILO estimate)",SL.TLF.CACT.MA.ZS,79.3560028076172
Malawi,MWI,2019,"Unemployment, female (% of female labor force) (modeled ILO estimate)",SL.UEM.TOTL.FE.ZS,6.61700010299683
Malawi,MWI,2018,"Unemployment, female (% of female labor force) (modeled ILO estimate)",SL.UEM.TOTL.FE.ZS,6.57499980926514
Malawi,MWI,2017,"Unemployment, female (% of female labor force) (modeled ILO estimate)",SL.UEM.TOTL.FE.ZS,6.69899988174438
Malawi,MWI,2016,"Unemployment, female (% of female labor force) (modeled ILO estimate)",SL.UEM.TOTL.FE.ZS,6.78000020980835
Malawi,MWI,2015,"Unemployment, female (% of female labor force) (modeled ILO estimate)",SL.UEM.TOTL.FE.ZS,6.83799982070923
Malawi,MWI,2014,"Unemployment, female (% of female labor force) (modeled ILO estimate)",SL.UEM.TOTL.FE.ZS,6.89499998092651
Malawi,MWI,2013,"Unemployment, female (% of female labor force) (modeled ILO estimate)",SL.UEM.TOTL.FE.ZS,6.98400020599365
Malawi,MWI,2012,"Unemployment, female (% of female labor force) (modeled ILO estimate)",SL.UEM.TOTL.FE.ZS,6.93100023269653
Malawi,MWI,2011,"Unemployment, female (% of female labor force) (modeled ILO estimate)",SL.UEM.TOTL.FE.ZS,6.90899991989136
Malawi,MWI,2010,"Unemployment, female (% of female labor force) (modeled ILO estimate)",SL.UEM.TOTL.FE.ZS,6.95900011062622
Malawi,MWI,2009,"Unemployment, female (% of female labor force) (modeled ILO estimate)",SL.UEM.TOTL.FE.ZS,6.8899998664856
Malawi,MWI,2008,"Unemployment, female (% of female labor force) (modeled ILO estimate)",SL.UEM.TOTL.FE.ZS,6.5460000038147
Malawi,MWI,2007,"Unemployment, female (% of female labor force) (modeled ILO estimate)",SL.UEM.TOTL.FE.ZS,6.61499977111816
Malawi,MWI,2006,"Unemployment, female (% of female labor force) (modeled ILO estimate)",SL.UEM.TOTL.FE.ZS,6.73199987411499
Malawi,MWI,2005,"Unemployment, female (% of female labor force) (modeled ILO estimate)",SL.UEM.TOTL.FE.ZS,6.86600017547607
Malawi,MWI,2004,"Unemployment, female (% of female labor force) (modeled ILO estimate)",SL.UEM.TOTL.FE.ZS,6.92799997329712
Malawi,MWI,2003,"Unemployment, female (% of female labor force) (modeled ILO estimate)",SL.UEM.TOTL.FE.ZS,7.0019998550415
Malawi,MWI,2002,"Unemployment, female (% of female labor force) (modeled ILO estimate)",SL.UEM.TOTL.FE.ZS,7.00600004196167
Malawi,MWI,2001,"Unemployment, female (% of female labor force) (modeled ILO estimate)",SL.UEM.TOTL.FE.ZS,6.87099981307983
Malawi,MWI,2000,"Unemployment, female (% of female labor force) (modeled ILO estimate)",SL.UEM.TOTL.FE.ZS,6.86499977111816
Malawi,MWI,1999,"Unemployment, female (% of female labor force) (modeled ILO estimate)",SL.UEM.TOTL.FE.ZS,6.90700006484985
Malawi,MWI,1998,"Unemployment, female (% of female labor force) (modeled ILO estimate)",SL.UEM.TOTL.FE.ZS,6.81099987030029
Malawi,MWI,1997,"Unemployment, female (% of female labor force) (modeled ILO estimate)",SL.UEM.TOTL.FE.ZS,6.81199979782104
Malawi,MWI,1996,"Unemployment, female (% of female labor force) (modeled ILO estimate)",SL.UEM.TOTL.FE.ZS,6.82600021362305
Malawi,MWI,1995,"Unemployment, female (% of female labor force) (modeled ILO estimate)",SL.UEM.TOTL.FE.ZS,6.94899988174438
Malawi,MWI,1994,"Unemployment, female (% of female labor force) (modeled ILO estimate)",SL.UEM.TOTL.FE.ZS,6.8289999961853
Malawi,MWI,1993,"Unemployment, female (% of female labor force) (modeled ILO estimate)",SL.UEM.TOTL.FE.ZS,6.89099979400635
Malawi,MWI,1992,"Unemployment, female (% of female labor force) (modeled ILO estimate)",SL.UEM.TOTL.FE.ZS,6.65899991989136
Malawi,MWI,1991,"Unemployment, female (% of female labor force) (modeled ILO estimate)",SL.UEM.TOTL.FE.ZS,6.63299989700317
Malawi,MWI,2019,"Unemployment, male (% of male labor force) (modeled ILO estimate)",SL.UEM.TOTL.MA.ZS,4.73600006103516
Malawi,MWI,2018,"Unemployment, male (% of male labor force) (modeled ILO estimate)",SL.UEM.TOTL.MA.ZS,4.71299982070923
Malawi,MWI,2017,"Unemployment, male (% of male labor force) (modeled ILO estimate)",SL.UEM.TOTL.MA.ZS,4.7649998664856
Malawi,MWI,2016,"Unemployment, male (% of male labor force) (modeled ILO estimate)",SL.UEM.TOTL.MA.ZS,4.86399984359741
Malawi,MWI,2015,"Unemployment, male (% of male labor force) (modeled ILO estimate)",SL.UEM.TOTL.MA.ZS,4.91200017929077
Malawi,MWI,2014,"Unemployment, male (% of male labor force) (modeled ILO estimate)",SL.UEM.TOTL.MA.ZS,4.94199991226196
Malawi,MWI,2013,"Unemployment, male (% of male labor force) (modeled ILO estimate)",SL.UEM.TOTL.MA.ZS,4.97700023651123
Malawi,MWI,2012,"Unemployment, male (% of male labor force) (modeled ILO estimate)",SL.UEM.TOTL.MA.ZS,4.9850001335144
Malawi,MWI,2011,"Unemployment, male (% of male labor force) (modeled ILO estimate)",SL.UEM.TOTL.MA.ZS,4.97200012207031
Malawi,MWI,2010,"Unemployment, male (% of male labor force) (modeled ILO estimate)",SL.UEM.TOTL.MA.ZS,4.91200017929077
Malawi,MWI,2009,"Unemployment, male (% of male labor force) (modeled ILO estimate)",SL.UEM.TOTL.MA.ZS,4.83900022506714
Malawi,MWI,2008,"Unemployment, male (% of male labor force) (modeled ILO estimate)",SL.UEM.TOTL.MA.ZS,4.625
Malawi,MWI,2007,"Unemployment, male (% of male labor force) (modeled ILO estimate)",SL.UEM.TOTL.MA.ZS,4.63199996948242
Malawi,MWI,2006,"Unemployment, male (% of male labor force) (modeled ILO estimate)",SL.UEM.TOTL.MA.ZS,4.7519998550415
Malawi,MWI,2005,"Unemployment, male (% of male labor force) (modeled ILO estimate)",SL.UEM.TOTL.MA.ZS,4.89699983596802
Malawi,MWI,2004,"Unemployment, male (% of male labor force) (modeled ILO estimate)",SL.UEM.TOTL.MA.ZS,4.96600008010864
Malawi,MWI,2003,"Unemployment, male (% of male labor force) (modeled ILO estimate)",SL.UEM.TOTL.MA.ZS,4.99499988555908
Malawi,MWI,2002,"Unemployment, male (% of male labor force) (modeled ILO estimate)",SL.UEM.TOTL.MA.ZS,4.97700023651123
Malawi,MWI,2001,"Unemployment, male (% of male labor force) (modeled ILO estimate)",SL.UEM.TOTL.MA.ZS,4.99300003051758
Malawi,MWI,2000,"Unemployment, male (% of male labor force) (modeled ILO estimate)",SL.UEM.TOTL.MA.ZS,5.00299978256226
Malawi,MWI,1999,"Unemployment, male (% of male labor force) (modeled ILO estimate)",SL.UEM.TOTL.MA.ZS,5
Malawi,MWI,1998,"Unemployment, male (% of male labor force) (modeled ILO estimate)",SL.UEM.TOTL.MA.ZS,4.99100017547607
Malawi,MWI,1997,"Unemployment, male (% of male labor force) (modeled ILO estimate)",SL.UEM.TOTL.MA.ZS,5.0019998550415
Malawi,MWI,1996,"Unemployment, male (% of male labor force) (modeled ILO estimate)",SL.UEM.TOTL.MA.ZS,5.01700019836426
Malawi,MWI,1995,"Unemployment, male (% of male labor force) (modeled ILO estimate)",SL.UEM.TOTL.MA.ZS,4.86700010299683
Malawi,MWI,1994,"Unemployment, male (% of male labor force) (modeled ILO estimate)",SL.UEM.TOTL.MA.ZS,4.97300004959106
Malawi,MWI,1993,"Unemployment, male (% of male labor force) (modeled ILO estimate)",SL.UEM.TOTL.MA.ZS,4.87099981307983
Malawi,MWI,1992,"Unemployment, male (% of male labor force) (modeled ILO estimate)",SL.UEM.TOTL.MA.ZS,4.89099979400635
Malawi,MWI,1991,"Unemployment, male (% of male labor force) (modeled ILO estimate)",SL.UEM.TOTL.MA.ZS,4.80900001525879
Malawi,MWI,2018,Refugee population by country or territory of asylum,SM.POP.REFG,13782
Malawi,MWI,2017,Refugee population by country or territory of asylum,SM.POP.REFG,8977
Malawi,MWI,2016,Refugee population by country or territory of asylum,SM.POP.REFG,9392
Malawi,MWI,2015,Refugee population by country or territory of asylum,SM.POP.REFG,9019
Malawi,MWI,2014,Refugee population by country or territory of asylum,SM.POP.REFG,5874
Malawi,MWI,2013,Refugee population by country or territory of asylum,SM.POP.REFG,5796
Malawi,MWI,2012,Refugee population by country or territory of asylum,SM.POP.REFG,6544
Malawi,MWI,2011,Refugee population by country or territory of asylum,SM.POP.REFG,6308
Malawi,MWI,2010,Refugee population by country or territory of asylum,SM.POP.REFG,5740
Malawi,MWI,2009,Refugee population by country or territory of asylum,SM.POP.REFG,5443
Malawi,MWI,2008,Refugee population by country or territory of asylum,SM.POP.REFG,4175
Malawi,MWI,2007,Refugee population by country or territory of asylum,SM.POP.REFG,2929
Malawi,MWI,2006,Refugee population by country or territory of asylum,SM.POP.REFG,3943
Malawi,MWI,2005,Refugee population by country or territory of asylum,SM.POP.REFG,4240
Malawi,MWI,2004,Refugee population by country or territory of asylum,SM.POP.REFG,3682
Malawi,MWI,2003,Refugee population by country or territory of asylum,SM.POP.REFG,3202
Malawi,MWI,2002,Refugee population by country or territory of asylum,SM.POP.REFG,2166
Malawi,MWI,2001,Refugee population by country or territory of asylum,SM.POP.REFG,6200
Malawi,MWI,2000,Refugee population by country or territory of asylum,SM.POP.REFG,3900
Malawi,MWI,1999,Refugee population by country or territory of asylum,SM.POP.REFG,1700
Malawi,MWI,1998,Refugee population by country or territory of asylum,SM.POP.REFG,1245
Malawi,MWI,1997,Refugee population by country or territory of asylum,SM.POP.REFG,280
Malawi,MWI,1996,Refugee population by country or territory of asylum,SM.POP.REFG,1268
Malawi,MWI,1995,Refugee population by country or territory of asylum,SM.POP.REFG,1018
Malawi,MWI,1994,Refugee population by country or territory of asylum,SM.POP.REFG,90242
Malawi,MWI,1993,Refugee population by country or territory of asylum,SM.POP.REFG,713607
Malawi,MWI,1992,Refugee population by country or territory of asylum,SM.POP.REFG,1058498
Malawi,MWI,1991,Refugee population by country or territory of asylum,SM.POP.REFG,981812
Malawi,MWI,1990,Refugee population by country or territory of asylum,SM.POP.REFG,926725
Malawi,MWI,2018,Refugee population by country or territory of origin,SM.POP.REFG.OR,475
Malawi,MWI,2017,Refugee population by country or territory of origin,SM.POP.REFG.OR,419
Malawi,MWI,2016,Refugee population by country or territory of origin,SM.POP.REFG.OR,427
Malawi,MWI,2015,Refugee population by country or territory of origin,SM.POP.REFG.OR,426
Malawi,MWI,2014,Refugee population by country or territory of origin,SM.POP.REFG.OR,361
Malawi,MWI,2013,Refugee population by country or territory of origin,SM.POP.REFG.OR,326
Malawi,MWI,2012,Refugee population by country or territory of origin,SM.POP.REFG.OR,277
Malawi,MWI,2011,Refugee population by country or territory of origin,SM.POP.REFG.OR,222
Malawi,MWI,2010,Refugee population by country or territory of origin,SM.POP.REFG.OR,171
Malawi,MWI,2009,Refugee population by country or territory of origin,SM.POP.REFG.OR,130
Malawi,MWI,2008,Refugee population by country or territory of origin,SM.POP.REFG.OR,106
Malawi,MWI,2007,Refugee population by country or territory of origin,SM.POP.REFG.OR,97
Malawi,MWI,2006,Refugee population by country or territory of origin,SM.POP.REFG.OR,113
Malawi,MWI,2005,Refugee population by country or territory of origin,SM.POP.REFG.OR,101
Malawi,MWI,2004,Refugee population by country or territory of origin,SM.POP.REFG.OR,94
Malawi,MWI,2003,Refugee population by country or territory of origin,SM.POP.REFG.OR,59
Malawi,MWI,2002,Refugee population by country or territory of origin,SM.POP.REFG.OR,48
Malawi,MWI,2001,Refugee population by country or territory of origin,SM.POP.REFG.OR,25
Malawi,MWI,2000,Refugee population by country or territory of origin,SM.POP.REFG.OR,33
Malawi,MWI,1999,Refugee population by country or territory of origin,SM.POP.REFG.OR,34
Malawi,MWI,1998,Refugee population by country or territory of origin,SM.POP.REFG.OR,28
Malawi,MWI,1997,Refugee population by country or territory of origin,SM.POP.REFG.OR,34
Malawi,MWI,1996,Refugee population by country or territory of origin,SM.POP.REFG.OR,39
Malawi,MWI,1995,Refugee population by country or territory of origin,SM.POP.REFG.OR,37
Malawi,MWI,1994,Refugee population by country or territory of origin,SM.POP.REFG.OR,60
Malawi,MWI,1993,Refugee population by country or territory of origin,SM.POP.REFG.OR,44
Malawi,MWI,1992,Refugee population by country or territory of origin,SM.POP.REFG.OR,50
Malawi,MWI,1991,Refugee population by country or territory of origin,SM.POP.REFG.OR,50
Malawi,MWI,1990,Refugee population by country or territory of origin,SM.POP.REFG.OR,53
Malawi,MWI,2018,"Adolescent fertility rate (births per 1,000 women ages 15-19)",SP.ADO.TFRT,132.0948
Malawi,MWI,2017,"Adolescent fertility rate (births per 1,000 women ages 15-19)",SP.ADO.TFRT,132.671
Malawi,MWI,2016,"Adolescent fertility rate (births per 1,000 women ages 15-19)",SP.ADO.TFRT,134.9854
Malawi,MWI,2015,"Adolescent fertility rate (births per 1,000 women ages 15-19)",SP.ADO.TFRT,137.2998
Malawi,MWI,2014,"Adolescent fertility rate (births per 1,000 women ages 15-19)",SP.ADO.TFRT,139.6142
Malawi,MWI,2013,"Adolescent fertility rate (births per 1,000 women ages 15-19)",SP.ADO.TFRT,141.9286
Malawi,MWI,2012,"Adolescent fertility rate (births per 1,000 women ages 15-19)",SP.ADO.TFRT,144.243
Malawi,MWI,2011,"Adolescent fertility rate (births per 1,000 women ages 15-19)",SP.ADO.TFRT,146.3
Malawi,MWI,2010,"Adolescent fertility rate (births per 1,000 women ages 15-19)",SP.ADO.TFRT,148.357
Malawi,MWI,2009,"Adolescent fertility rate (births per 1,000 women ages 15-19)",SP.ADO.TFRT,150.414
Malawi,MWI,2008,"Adolescent fertility rate (births per 1,000 women ages 15-19)",SP.ADO.TFRT,152.471
Malawi,MWI,2007,"Adolescent fertility rate (births per 1,000 women ages 15-19)",SP.ADO.TFRT,154.528
Malawi,MWI,2006,"Adolescent fertility rate (births per 1,000 women ages 15-19)",SP.ADO.TFRT,154.7652
Malawi,MWI,2005,"Adolescent fertility rate (births per 1,000 women ages 15-19)",SP.ADO.TFRT,155.0024
Malawi,MWI,2004,"Adolescent fertility rate (births per 1,000 women ages 15-19)",SP.ADO.TFRT,155.2396
Malawi,MWI,2003,"Adolescent fertility rate (births per 1,000 women ages 15-19)",SP.ADO.TFRT,155.4768
Malawi,MWI,2002,"Adolescent fertility rate (births per 1,000 women ages 15-19)",SP.ADO.TFRT,155.714
Malawi,MWI,2001,"Adolescent fertility rate (births per 1,000 women ages 15-19)",SP.ADO.TFRT,156.752
Malawi,MWI,2000,"Adolescent fertility rate (births per 1,000 women ages 15-19)",SP.ADO.TFRT,157.79
Malawi,MWI,1999,"Adolescent fertility rate (births per 1,000 women ages 15-19)",SP.ADO.TFRT,158.828
Malawi,MWI,1998,"Adolescent fertility rate (births per 1,000 women ages 15-19)",SP.ADO.TFRT,159.866
Malawi,MWI,1997,"Adolescent fertility rate (births per 1,000 women ages 15-19)",SP.ADO.TFRT,160.904
Malawi,MWI,1996,"Adolescent fertility rate (births per 1,000 women ages 15-19)",SP.ADO.TFRT,160.5918
Malawi,MWI,1995,"Adolescent fertility rate (births per 1,000 women ages 15-19)",SP.ADO.TFRT,160.2796
Malawi,MWI,1994,"Adolescent fertility rate (births per 1,000 women ages 15-19)",SP.ADO.TFRT,159.9674
Malawi,MWI,1993,"Adolescent fertility rate (births per 1,000 women ages 15-19)",SP.ADO.TFRT,159.6552
Malawi,MWI,1992,"Adolescent fertility rate (births per 1,000 women ages 15-19)",SP.ADO.TFRT,159.343
Malawi,MWI,1991,"Adolescent fertility rate (births per 1,000 women ages 15-19)",SP.ADO.TFRT,166.1166
Malawi,MWI,1990,"Adolescent fertility rate (births per 1,000 women ages 15-19)",SP.ADO.TFRT,172.8902
Malawi,MWI,1989,"Adolescent fertility rate (births per 1,000 women ages 15-19)",SP.ADO.TFRT,179.6638
Malawi,MWI,1988,"Adolescent fertility rate (births per 1,000 women ages 15-19)",SP.ADO.TFRT,186.4374
Malawi,MWI,1987,"Adolescent fertility rate (births per 1,000 women ages 15-19)",SP.ADO.TFRT,193.211
Malawi,MWI,1986,"Adolescent fertility rate (births per 1,000 women ages 15-19)",SP.ADO.TFRT,195.0764
Malawi,MWI,1985,"Adolescent fertility rate (births per 1,000 women ages 15-19)",SP.ADO.TFRT,196.9418
Malawi,MWI,1984,"Adolescent fertility rate (births per 1,000 women ages 15-19)",SP.ADO.TFRT,198.8072
Malawi,MWI,1983,"Adolescent fertility rate (births per 1,000 women ages 15-19)",SP.ADO.TFRT,200.6726
Malawi,MWI,1982,"Adolescent fertility rate (births per 1,000 women ages 15-19)",SP.ADO.TFRT,202.538
Malawi,MWI,1981,"Adolescent fertility rate (births per 1,000 women ages 15-19)",SP.ADO.TFRT,202.538
Malawi,MWI,1980,"Adolescent fertility rate (births per 1,000 women ages 15-19)",SP.ADO.TFRT,202.538
Malawi,MWI,1979,"Adolescent fertility rate (births per 1,000 women ages 15-19)",SP.ADO.TFRT,202.538
Malawi,MWI,1978,"Adolescent fertility rate (births per 1,000 women ages 15-19)",SP.ADO.TFRT,202.538
Malawi,MWI,1977,"Adolescent fertility rate (births per 1,000 women ages 15-19)",SP.ADO.TFRT,202.538
Malawi,MWI,1976,"Adolescent fertility rate (births per 1,000 women ages 15-19)",SP.ADO.TFRT,201.4822
Malawi,MWI,1975,"Adolescent fertility rate (births per 1,000 women ages 15-19)",SP.ADO.TFRT,200.4264
Malawi,MWI,1974,"Adolescent fertility rate (births per 1,000 women ages 15-19)",SP.ADO.TFRT,199.3706
Malawi,MWI,1973,"Adolescent fertility rate (births per 1,000 women ages 15-19)",SP.ADO.TFRT,198.3148
Malawi,MWI,1972,"Adolescent fertility rate (births per 1,000 women ages 15-19)",SP.ADO.TFRT,197.259
Malawi,MWI,1971,"Adolescent fertility rate (births per 1,000 women ages 15-19)",SP.ADO.TFRT,196.203
Malawi,MWI,1970,"Adolescent fertility rate (births per 1,000 women ages 15-19)",SP.ADO.TFRT,195.147
Malawi,MWI,1969,"Adolescent fertility rate (births per 1,000 women ages 15-19)",SP.ADO.TFRT,194.091
Malawi,MWI,1968,"Adolescent fertility rate (births per 1,000 women ages 15-19)",SP.ADO.TFRT,193.035
Malawi,MWI,1967,"Adolescent fertility rate (births per 1,000 women ages 15-19)",SP.ADO.TFRT,191.979
Malawi,MWI,1966,"Adolescent fertility rate (births per 1,000 women ages 15-19)",SP.ADO.TFRT,190.9126
Malawi,MWI,1965,"Adolescent fertility rate (births per 1,000 women ages 15-19)",SP.ADO.TFRT,189.8462
Malawi,MWI,1964,"Adolescent fertility rate (births per 1,000 women ages 15-19)",SP.ADO.TFRT,188.7798
Malawi,MWI,1963,"Adolescent fertility rate (births per 1,000 women ages 15-19)",SP.ADO.TFRT,187.7134
Malawi,MWI,1962,"Adolescent fertility rate (births per 1,000 women ages 15-19)",SP.ADO.TFRT,186.647
Malawi,MWI,1961,"Adolescent fertility rate (births per 1,000 women ages 15-19)",SP.ADO.TFRT,186.0942
Malawi,MWI,1960,"Adolescent fertility rate (births per 1,000 women ages 15-19)",SP.ADO.TFRT,185.5414
Malawi,MWI,2018,"Life expectancy at birth, female (years)",SP.DYN.LE00.FE.IN,66.937
Malawi,MWI,2017,"Life expectancy at birth, female (years)",SP.DYN.LE00.FE.IN,66.4
Malawi,MWI,2016,"Life expectancy at birth, female (years)",SP.DYN.LE00.FE.IN,65.776
Malawi,MWI,2015,"Life expectancy at birth, female (years)",SP.DYN.LE00.FE.IN,65.016
Malawi,MWI,2014,"Life expectancy at birth, female (years)",SP.DYN.LE00.FE.IN,64.065
Malawi,MWI,2013,"Life expectancy at birth, female (years)",SP.DYN.LE00.FE.IN,62.911
Malawi,MWI,2012,"Life expectancy at birth, female (years)",SP.DYN.LE00.FE.IN,61.562
Malawi,MWI,2011,"Life expectancy at birth, female (years)",SP.DYN.LE00.FE.IN,60.046
Malawi,MWI,2010,"Life expectancy at birth, female (years)",SP.DYN.LE00.FE.IN,58.398
Malawi,MWI,2009,"Life expectancy at birth, female (years)",SP.DYN.LE00.FE.IN,56.666
Malawi,MWI,2008,"Life expectancy at birth, female (years)",SP.DYN.LE00.FE.IN,54.922
Malawi,MWI,2007,"Life expectancy at birth, female (years)",SP.DYN.LE00.FE.IN,53.247
Malawi,MWI,2006,"Life expectancy at birth, female (years)",SP.DYN.LE00.FE.IN,51.707
Malawi,MWI,2005,"Life expectancy at birth, female (years)",SP.DYN.LE00.FE.IN,50.377
Malawi,MWI,2004,"Life expectancy at birth, female (years)",SP.DYN.LE00.FE.IN,49.318
Malawi,MWI,2003,"Life expectancy at birth, female (years)",SP.DYN.LE00.FE.IN,48.531
Malawi,MWI,2002,"Life expectancy at birth, female (years)",SP.DYN.LE00.FE.IN,48.002
Malawi,MWI,2001,"Life expectancy at birth, female (years)",SP.DYN.LE00.FE.IN,47.718
Malawi,MWI,2000,"Life expectancy at birth, female (years)",SP.DYN.LE00.FE.IN,47.646
Malawi,MWI,1999,"Life expectancy at birth, female (years)",SP.DYN.LE00.FE.IN,47.743
Malawi,MWI,1998,"Life expectancy at birth, female (years)",SP.DYN.LE00.FE.IN,47.939
Malawi,MWI,1997,"Life expectancy at birth, female (years)",SP.DYN.LE00.FE.IN,48.166
Malawi,MWI,1996,"Life expectancy at birth, female (years)",SP.DYN.LE00.FE.IN,48.375
Malawi,MWI,1995,"Life expectancy at birth, female (years)",SP.DYN.LE00.FE.IN,48.527
Malawi,MWI,1994,"Life expectancy at birth, female (years)",SP.DYN.LE00.FE.IN,48.599
Malawi,MWI,1993,"Life expectancy at birth, female (years)",SP.DYN.LE00.FE.IN,48.602
Malawi,MWI,1992,"Life expectancy at birth, female (years)",SP.DYN.LE00.FE.IN,48.545
Malawi,MWI,1991,"Life expectancy at birth, female (years)",SP.DYN.LE00.FE.IN,48.424
Malawi,MWI,1990,"Life expectancy at birth, female (years)",SP.DYN.LE00.FE.IN,48.243
Malawi,MWI,1989,"Life expectancy at birth, female (years)",SP.DYN.LE00.FE.IN,48.014
Malawi,MWI,1988,"Life expectancy at birth, female (years)",SP.DYN.LE00.FE.IN,47.754
Malawi,MWI,1987,"Life expectancy at birth, female (years)",SP.DYN.LE00.FE.IN,47.477
Malawi,MWI,1986,"Life expectancy at birth, female (years)",SP.DYN.LE00.FE.IN,47.186
Malawi,MWI,1985,"Life expectancy at birth, female (years)",SP.DYN.LE00.FE.IN,46.883
Malawi,MWI,1984,"Life expectancy at birth, female (years)",SP.DYN.LE00.FE.IN,46.56
Malawi,MWI,1983,"Life expectancy at birth, female (years)",SP.DYN.LE00.FE.IN,46.211
Malawi,MWI,1982,"Life expectancy at birth, female (years)",SP.DYN.LE00.FE.IN,45.83
Malawi,MWI,1981,"Life expectancy at birth, female (years)",SP.DYN.LE00.FE.IN,45.42
Malawi,MWI,1980,"Life expectancy at birth, female (years)",SP.DYN.LE00.FE.IN,44.985
Malawi,MWI,1979,"Life expectancy at birth, female (years)",SP.DYN.LE00.FE.IN,44.53
Malawi,MWI,1978,"Life expectancy at birth, female (years)",SP.DYN.LE00.FE.IN,44.062
Malawi,MWI,1977,"Life expectancy at birth, female (years)",SP.DYN.LE00.FE.IN,43.588
Malawi,MWI,1976,"Life expectancy at birth, female (years)",SP.DYN.LE00.FE.IN,43.111
Malawi,MWI,1975,"Life expectancy at birth, female (years)",SP.DYN.LE00.FE.IN,42.627
Malawi,MWI,1974,"Life expectancy at birth, female (years)",SP.DYN.LE00.FE.IN,42.128
Malawi,MWI,1973,"Life expectancy at birth, female (years)",SP.DYN.LE00.FE.IN,41.612
Malawi,MWI,1972,"Life expectancy at birth, female (years)",SP.DYN.LE00.FE.IN,41.082
Malawi,MWI,1971,"Life expectancy at birth, female (years)",SP.DYN.LE00.FE.IN,40.546
Malawi,MWI,1970,"Life expectancy at birth, female (years)",SP.DYN.LE00.FE.IN,40.021
Malawi,MWI,1969,"Life expectancy at birth, female (years)",SP.DYN.LE00.FE.IN,39.527
Malawi,MWI,1968,"Life expectancy at birth, female (years)",SP.DYN.LE00.FE.IN,39.079
Malawi,MWI,1967,"Life expectancy at birth, female (years)",SP.DYN.LE00.FE.IN,38.683
Malawi,MWI,1966,"Life expectancy at birth, female (years)",SP.DYN.LE00.FE.IN,38.34
Malawi,MWI,1965,"Life expectancy at birth, female (years)",SP.DYN.LE00.FE.IN,38.042
Malawi,MWI,1964,"Life expectancy at birth, female (years)",SP.DYN.LE00.FE.IN,37.773
Malawi,MWI,1963,"Life expectancy at birth, female (years)",SP.DYN.LE00.FE.IN,37.513
Malawi,MWI,1962,"Life expectancy at birth, female (years)",SP.DYN.LE00.FE.IN,37.247
Malawi,MWI,1961,"Life expectancy at birth, female (years)",SP.DYN.LE00.FE.IN,36.969
Malawi,MWI,1960,"Life expectancy at birth, female (years)",SP.DYN.LE00.FE.IN,36.678
Malawi,MWI,2018,"Life expectancy at birth, male (years)",SP.DYN.LE00.MA.IN,60.651
Malawi,MWI,2017,"Life expectancy at birth, male (years)",SP.DYN.LE00.MA.IN,60.155
Malawi,MWI,2016,"Life expectancy at birth, male (years)",SP.DYN.LE00.MA.IN,59.587
Malawi,MWI,2015,"Life expectancy at birth, male (years)",SP.DYN.LE00.MA.IN,58.898
Malawi,MWI,2014,"Life expectancy at birth, male (years)",SP.DYN.LE00.MA.IN,58.035
Malawi,MWI,2013,"Life expectancy at birth, male (years)",SP.DYN.LE00.MA.IN,56.979
Malawi,MWI,2012,"Life expectancy at birth, male (years)",SP.DYN.LE00.MA.IN,55.737
Malawi,MWI,2011,"Life expectancy at birth, male (years)",SP.DYN.LE00.MA.IN,54.334
Malawi,MWI,2010,"Life expectancy at birth, male (years)",SP.DYN.LE00.MA.IN,52.807
Malawi,MWI,2009,"Life expectancy at birth, male (years)",SP.DYN.LE00.MA.IN,51.207
Malawi,MWI,2008,"Life expectancy at birth, male (years)",SP.DYN.LE00.MA.IN,49.608
Malawi,MWI,2007,"Life expectancy at birth, male (years)",SP.DYN.LE00.MA.IN,48.084
Malawi,MWI,2006,"Life expectancy at birth, male (years)",SP.DYN.LE00.MA.IN,46.693
Malawi,MWI,2005,"Life expectancy at birth, male (years)",SP.DYN.LE00.MA.IN,45.497
Malawi,MWI,2004,"Life expectancy at birth, male (years)",SP.DYN.LE00.MA.IN,44.537
Malawi,MWI,2003,"Life expectancy at birth, male (years)",SP.DYN.LE00.MA.IN,43.807
Malawi,MWI,2002,"Life expectancy at birth, male (years)",SP.DYN.LE00.MA.IN,43.289
Malawi,MWI,2001,"Life expectancy at birth, male (years)",SP.DYN.LE00.MA.IN,42.973
Malawi,MWI,2000,"Life expectancy at birth, male (years)",SP.DYN.LE00.MA.IN,42.836
Malawi,MWI,1999,"Life expectancy at birth, male (years)",SP.DYN.LE00.MA.IN,42.845
Malawi,MWI,1998,"Life expectancy at birth, male (years)",SP.DYN.LE00.MA.IN,42.95
Malawi,MWI,1997,"Life expectancy at birth, male (years)",SP.DYN.LE00.MA.IN,43.103
Malawi,MWI,1996,"Life expectancy at birth, male (years)",SP.DYN.LE00.MA.IN,43.272
Malawi,MWI,1995,"Life expectancy at birth, male (years)",SP.DYN.LE00.MA.IN,43.432
Malawi,MWI,1994,"Life expectancy at birth, male (years)",SP.DYN.LE00.MA.IN,43.574
Malawi,MWI,1993,"Life expectancy at birth, male (years)",SP.DYN.LE00.MA.IN,43.707
Malawi,MWI,1992,"Life expectancy at birth, male (years)",SP.DYN.LE00.MA.IN,43.835
Malawi,MWI,1991,"Life expectancy at birth, male (years)",SP.DYN.LE00.MA.IN,43.95
Malawi,MWI,1990,"Life expectancy at birth, male (years)",SP.DYN.LE00.MA.IN,44.05
Malawi,MWI,1989,"Life expectancy at birth, male (years)",SP.DYN.LE00.MA.IN,44.139
Malawi,MWI,1988,"Life expectancy at birth, male (years)",SP.DYN.LE00.MA.IN,44.217
Malawi,MWI,1987,"Life expectancy at birth, male (years)",SP.DYN.LE00.MA.IN,44.282
Malawi,MWI,1986,"Life expectancy at birth, male (years)",SP.DYN.LE00.MA.IN,44.327
Malawi,MWI,1985,"Life expectancy at birth, male (years)",SP.DYN.LE00.MA.IN,44.339
Malawi,MWI,1984,"Life expectancy at birth, male (years)",SP.DYN.LE00.MA.IN,44.303
Malawi,MWI,1983,"Life expectancy at birth, male (years)",SP.DYN.LE00.MA.IN,44.212
Malawi,MWI,1982,"Life expectancy at birth, male (years)",SP.DYN.LE00.MA.IN,44.06
Malawi,MWI,1981,"Life expectancy at birth, male (years)",SP.DYN.LE00.MA.IN,43.848
Malawi,MWI,1980,"Life expectancy at birth, male (years)",SP.DYN.LE00.MA.IN,43.579
Malawi,MWI,1979,"Life expectancy at birth, male (years)",SP.DYN.LE00.MA.IN,43.261
Malawi,MWI,1978,"Life expectancy at birth, male (years)",SP.DYN.LE00.MA.IN,42.91
Malawi,MWI,1977,"Life expectancy at birth, male (years)",SP.DYN.LE00.MA.IN,42.535
Malawi,MWI,1976,"Life expectancy at birth, male (years)",SP.DYN.LE00.MA.IN,42.146
Malawi,MWI,1975,"Life expectancy at birth, male (years)",SP.DYN.LE00.MA.IN,41.74
Malawi,MWI,1974,"Life expectancy at birth, male (years)",SP.DYN.LE00.MA.IN,41.313
Malawi,MWI,1973,"Life expectancy at birth, male (years)",SP.DYN.LE00.MA.IN,40.862
Malawi,MWI,1972,"Life expectancy at birth, male (years)",SP.DYN.LE00.MA.IN,40.39
Malawi,MWI,1971,"Life expectancy at birth, male (years)",SP.DYN.LE00.MA.IN,39.909
Malawi,MWI,1970,"Life expectancy at birth, male (years)",SP.DYN.LE00.MA.IN,39.437
Malawi,MWI,1969,"Life expectancy at birth, male (years)",SP.DYN.LE00.MA.IN,38.995
Malawi,MWI,1968,"Life expectancy at birth, male (years)",SP.DYN.LE00.MA.IN,38.596
Malawi,MWI,1967,"Life expectancy at birth, male (years)",SP.DYN.LE00.MA.IN,38.248
Malawi,MWI,1966,"Life expectancy at birth, male (years)",SP.DYN.LE00.MA.IN,37.953
Malawi,MWI,1965,"Life expectancy at birth, male (years)",SP.DYN.LE00.MA.IN,37.704
Malawi,MWI,1964,"Life expectancy at birth, male (years)",SP.DYN.LE00.MA.IN,37.487
Malawi,MWI,1963,"Life expectancy at birth, male (years)",SP.DYN.LE00.MA.IN,37.282
Malawi,MWI,1962,"Life expectancy at birth, male (years)",SP.DYN.LE00.MA.IN,37.075
Malawi,MWI,1961,"Life expectancy at birth, male (years)",SP.DYN.LE00.MA.IN,36.858
Malawi,MWI,1960,"Life expectancy at birth, male (years)",SP.DYN.LE00.MA.IN,36.63
